7db3616b-070e-32b0-82e1-c39074f04e89,Mr.,Donato,Schmidt,"85A Stanton Shore Apt. 065",Poblacion,Dasmari単as,"Ilocos Norte","Sierra Leone",334-172-366,"+63 (911) 971-3481",Quigley-Larkin,https://sporer.com/non-ipsa-sit-quos-consectetur-sed-expedita.html,"Precision Instrument Repairer",white,1999-08-23,madyson66@stanton.org,|]x]ER
ee43c892-f0e9-370b-8431-549e813e7616,Prof.,Georgianna,Strosin,"50/71 Quigley Centers Suite 250",Poblacion,"San Carlos","Lanao del Norte","Cape Verde",990-630-628,"+63 (937) 546-6924","Okuneva, Homenick and Braun",http://wisozk.com/et-omnis-possimus-vero-magnam-aspernatur,Designer,white,1982-07-13,dariana.stroman@yahoo.com,"I$\s]Gp_J3"
48476847-f5a1-3dec-849d-eefb847026bf,Dr.,Murray,Christiansen,"50A/45 Schinner Inlet Suite 418",Poblacion,Digos,Leyte,Guatemala,604-233-926,"+63 (943) 869-3231","Cremin, Friesen and Morissette",http://stehr.info/sapiente-ut-maxime-eligendi-enim-corrupti.html,"Mechanical Engineer",white,1995-11-05,hodkiewicz.erica@yahoo.com,"C\F{1M"
efa5d6d2-82da-3578-b4c9-9272a10c3e27,Mrs.,Raleigh,Paucek,"15 Koelpin Tunnel",Poblacion,Passi,Abra,"Syrian Arab Republic",894-762-937,"+63 (998) 617-9148",Tillman-Connelly,http://www.dare.com/nisi-earum-et-rerum-facilis.html,"Funeral Director",silver,2013-12-27,eulalia.dickinson@auer.com,"wT4f7of|=D|ImAD\;i?\"
f903e838-d873-3015-9012-c78860dde154,Mr.,Roderick,Lemke,"80/85 Jast Route Apt. 943",Poblacion,Tabuk,Aurora,Madagascar,824-652-334,"(0922) 837-8434",Zulauf-Raynor,http://www.lockman.net/et-corrupti-sapiente-ex-commodi-doloremque,"Engineering Teacher",silver,1996-04-15,liam.rempel@gmail.com,&H_gw=9;agB0|
7dfbf387-0e45-3ae9-b4c8-16daa01f3673,Mrs.,Erna,Hansen,"42A/51 Dare Fort Suite 589",Poblacion,Laoag,Romblon,Cameroon,000-923-467,"(0918) 512-5926",Roob-Ankunding,http://www.upton.org/laboriosam-aut-maiores-facilis-odio-dolor-et-tempore.html,"Continuous Mining Machine Operator",yellow,1995-03-10,marcos.spinka@yahoo.com,_#a5*;r
76676962-f811-35ee-9787-c903ddb6f599,Prof.,Jerrell,Gibson,"12 Altenwerth Circles",Poblacion,Pagadian,Tawi-Tawi,Kuwait,783-617-631,"+63 (949) 385-0798",Kerluke-Prosacco,http://www.pouros.biz/corrupti-expedita-reiciendis-optio-et,"Manufactured Building Installer",black,1995-12-05,rey.koss@yahoo.com,"mja;""Y"
7e091a28-ab1c-3d2c-91a4-a8bfad023d6b,Mrs.,Hailee,Beatty,"73 Rolfson Loop Apt. 415",Poblacion,Mabalacat,Benguet,Greenland,174-200-600,"+63 (921) 470-3235","Herman, Heaney and Klocko",http://www.durgan.com/esse-incidunt-id-nostrum-debitis,"Plant and System Operator",fuchsia,2001-01-05,pstokes@smitham.biz,"9(!1|6W,L"
029e908e-3ba2-3f68-92c6-a21b91f1d9dc,Prof.,Keanu,O'Kon,"58/42 Beatty Divide",Poblacion,Tabuk,Sorsogon,Argentina,321-895-655,"(0979) 809-3110","Kris Group",http://kris.com/unde-consequatur-magni-illum-dolorum-et,"Aircraft Engine Specialist",white,2001-06-22,jules.welch@dietrich.com,f6etru
4baf4497-ac7a-3fe5-9977-2826986813e9,Dr.,Hannah,Collins,"75/80 DuBuque Road Apt. 280",Poblacion,Koronadal,"Lanao del Norte","Saudi Arabia",154-329-833,"(0989) 875-0537",Sanford-Jacobs,http://wehner.com/enim-placeat-aut-sunt-sint,"Operating Engineer",purple,2018-07-23,paucek.dave@langworth.net,"()K$k|""0+dv"
a60615d5-0440-32a7-84e5-540ff170232d,Prof.,Ford,Hills,"19A/30 Johnson Freeway",Poblacion,"San Fernando",Laguna,Denmark,148-711-637,"(0948) 932-4903","Gleason PLC",http://cummerata.com/,"Railroad Conductors",fuchsia,1991-06-23,bfritsch@gmail.com,"x1xu,${UG!PW;cO&>\"
0247cff5-ba9b-3ccd-8cfa-a06208513a1f,Prof.,Tracy,Rohan,"84A Cole Camp Suite 221",Poblacion,Bacolod,"Negros Oriental","United States Minor Outlying Islands",278-998-984,"+63 (938) 472-4240","Becker and Sons",http://ratke.com/ab-aliquid-error-qui-asperiores.html,"Park Naturalist",yellow,1980-04-24,nicolas.stephen@satterfield.biz,"g65,'4Fv"""
0f79ffc8-7ea4-3fd0-adfd-36637a54a236,Mrs.,Itzel,Stark,"70A Jaskolski Circle",Poblacion,Navotas,"Lanao del Sur",Tokelau,431-569-048,"+63 (947) 942-7682",Beahan-Gottlieb,http://rutherford.com/eum-est-facilis-molestias-aut-qui,"Postal Service Clerk",lime,1985-05-15,carlee94@wilkinson.com,"tz?t(d""[3Te;l"";~>1S"
a854a751-5b25-3473-963b-b6d643cde0a2,Dr.,Federico,Spencer,"12/15 Gleichner Forge",Poblacion,Bayugan,Pangasinan,"Costa Rica",566-483-784,"+63 (928) 941-5101","Monahan, Kshlerin and Olson",http://www.durgan.com/ut-aliquid-animi-ut-et-at-quos,"Milling Machine Operator",purple,2020-09-20,gorczany.tyra@huel.org,+TZh|R*w4!_cwZ
28c6ce62-98a3-3ac3-86b9-4a961156ea4a,Prof.,Hassie,Schowalter,"96 Lockman Plains Apt. 764",Poblacion,Antipolo,Catanduanes,Oman,499-881-963,"(0974) 101-9395","Dickens LLC",http://carroll.org/et-qui-alias-aut-magnam-culpa-quisquam-minima.html,"Motorcycle Mechanic",green,1998-10-28,vidal.smith@fahey.biz,"pE{gZ@^*M""S/o|J##"
55b40580-e57c-3ed2-b591-3c2bf9646255,Dr.,Shaina,Mayer,"85A/42 Nolan Shoal Apt. 901",Poblacion,Dasmari単as,"Nueva Ecija",Niger,036-665-442,"(0925) 489-8084","Lakin Ltd",http://cummings.com/quas-ab-non-nobis-distinctio-aspernatur.html,Carpenter,lime,1976-06-30,hills.noel@gmail.com,4BGlEds<
2e9a01be-2c05-395f-b22d-5bad30870a49,Prof.,Maeve,Turcotte,"97 Larson View Suite 178",Poblacion,Vigan,"Nueva Vizcaya","French Southern Territories",681-747-491,"(0939) 763-6689","Stamm PLC",https://www.emard.org/aut-minima-asperiores-qui-qui-quam-aliquam-accusantium-magnam,"Costume Attendant",green,2000-08-13,nwiegand@wyman.com,(ERS79i7W.qTZ%`Q
b32194a6-7401-39b7-9ced-84e70a0efedb,Mr.,Anita,Hoeger,"50/59 Sawayn Isle",Poblacion,Catbalogan,"Misamis Occidental","Northern Mariana Islands",559-158-391,"+63 (900) 463-2633","Donnelly and Sons",http://www.watsica.biz/minima-aliquid-facere-sit-consequuntur-sit-omnis-repellendus-doloribus,"Merchandise Displayer OR Window Trimmer",green,2000-11-13,lakin.nathanael@erdman.biz,Sx0fm0{9
c9f22d16-fd0b-3efa-8144-287814f558c9,Mr.,Ilene,Kertzmann,"17A West Terrace",Poblacion,"Santa Rosa",Ifugao,Micronesia,978-878-542,"(0900) 948-2114","Morissette, Ortiz and Kilback",http://www.hettinger.org/voluptatem-dolore-quam-minus,"Metal Fabricator",blue,2023-03-16,jace26@west.net,5#~i!8
4c2735bd-aef6-3cab-aea4-a48af9a8c931,Ms.,Evan,Rohan,"67A Heaney Vista",Poblacion,Calbayog,"Camarines Sur",Philippines,431-343-361,"+63 (937) 279-2432","Monahan, Bechtelar and Marks",http://www.hyatt.com/enim-inventore-id-accusamus-dignissimos-ducimus-ratione-ut-eos,"Geography Teacher",gray,2014-01-11,vern40@yahoo.com,[OgX7a=BeUp~H3
ca6e0881-1176-3125-84b0-1e7d0f12a4a1,Prof.,Stephanie,Bradtke,"53A Erdman Mews Apt. 214",Poblacion,Cadiz,Albay,Bahrain,812-955-903,"+63 (817) 716-7114","Graham, Erdman and Renner",https://lemke.biz/odit-molestias-aspernatur-ut-repellendus-recusandae-quo-est-doloribus.html,"Transit Police OR Railroad Police",lime,1983-10-28,simone46@gmail.com,=r%(t*za2b.W_Qd
97e1abf5-052b-352e-a641-d8d61b7e7ba9,Mr.,Courtney,Kerluke,"42A/20 Huel Parkway",Poblacion,Roxas,"Negros Oriental",Chad,545-621-907,"(0980) 501-7750","McDermott Inc",http://hettinger.com/dolorem-illum-quisquam-officiis-esse-doloremque-facere,"Manager of Food Preparation",white,1980-03-04,kelly57@yahoo.com,"X!\p2_Hi+XV%_s"
f4f87bce-2e11-36e3-9450-d3373e4806c5,Prof.,Nyasia,Schoen,"36A/36 Windler Mountains Suite 891",Poblacion,Pagadian,"Lanao del Sur","Sri Lanka",283-873-785,"+63 (935) 884-0615","Hartmann LLC",http://www.muller.info/dolorem-mollitia-aut-quis-cumque-praesentium-enim,Taper,blue,2023-05-14,baby03@gmail.com,gpu{S._0?9v
3b839565-2b35-3c4f-adbb-2edd7d143396,Ms.,Marcelino,Abshire,"68/84 Rowe Branch Apt. 407",Poblacion,Tabuk,Bulacan,Tonga,823-336-931,"+63 (926) 000-8415",Pacocha-Kihn,https://witting.biz/voluptatem-nisi-enim-quo-in-distinctio.html,"Psychology Teacher",green,1978-03-12,euna26@pfeffer.com,"#tCl""0<UTcMvR#+RW"
0faf7b6c-e411-37d3-a5bf-1c0576b5a3ad,Prof.,Clementine,Keeling,"55A/60 Wehner Walk Suite 375",Poblacion,"San Fernando",Cebu,"Svalbard & Jan Mayen Islands",734-684-692,"(0912) 594-6715","Klocko and Sons",http://www.jacobs.info/,"MARCOM Director",fuchsia,2013-12-17,sorn@dubuque.info,@PM=C6qi>5)c|4XCd
002b8b99-2385-3613-ac7f-259efdb57e00,Prof.,Orion,Mayert,"97 Parisian Lock",Poblacion,Digos,"Occidental Mindoro",Guatemala,533-231-242,"(0934) 899-4430","Turner Inc",http://graham.info/repellat-soluta-est-accusamus-modi-amet-aliquam-in-omnis,"Precision Pattern and Die Caster",gray,2023-04-17,hirthe.danika@bosco.com,gZHBX&M-L47
216d009c-700d-3863-b62a-d9eea39dc8ed,Dr.,Kenyatta,Schuster,"88A Yost Lodge",Poblacion,Bacoor,"Surigao del Norte",Martinique,636-047-756,"(0917) 446-7264","Brekke and Sons",http://brakus.net/et-porro-accusamus-deleniti-minus-quod-rerum-dolores,"Plating Machine Operator",olive,2018-09-10,shields.winona@hotmail.com,Ze$Yg+f$7P(bw0
2f785ec2-5bf1-36dd-b67f-6a7c89b6d542,Mrs.,William,Littel,"12/24 Eichmann Circles",Poblacion,"Cavite City",Siquijor,Anguilla,048-876-175,"+63 (974) 962-5876",Toy-Bogan,http://will.biz/nihil-velit-non-tenetur-cumque,"Nuclear Engineer",yellow,2002-08-25,wisozk.justina@yahoo.com,"<4NVEI,LJNp=X"
8c51560b-3407-363a-a15f-aa4a83e55265,Prof.,Keagan,Lubowitz,"23A/45 Pacocha Station Suite 492",Poblacion,Dumaguete,Marinduque,Luxembourg,330-998-753,"(0989) 754-4336",Cronin-Tillman,https://www.mayert.com/magnam-ipsum-nulla-quas-id,"Home Economics Teacher",maroon,2003-12-24,balistreri.torrey@yahoo.com,"WcVP?,%)Fh2F;c6<"
67297a7a-45aa-3cc0-b1cd-8c1526f31a40,Mr.,Ephraim,Crist,"44A Denesik Land",Poblacion,Tangub,"Davao del Sur",Panama,197-041-560,"(0906) 042-4164",Boehm-Batz,http://grant.com/reprehenderit-aut-quo-ullam-quis,"Technical Program Manager",aqua,2023-05-08,lucas.klein@gmail.com,"K=;4<""&'$DpJD|V53"
c651c3e3-0231-3e28-b3b4-d0d82a6056e6,Dr.,Lamont,Heller,"05A/63 Altenwerth Walk",Poblacion,Guihulngan,"Eastern Samar",Canada,422-768-375,"+63 (937) 791-9351","Schimmel PLC",http://www.keeling.com/fugit-ipsum-iste-voluptatem-dignissimos,"Health Specialties Teacher",teal,2007-12-05,wpaucek@hotmail.com,"Y%=,]A=?g%~eiGIhJlUX"
3786ddd8-43cd-3084-8534-e2ad17faf35d,Mrs.,Tristian,Thiel,"56 Zulauf Heights Suite 659",Poblacion,"Zamboanga City","La Union",Norway,091-886-704,"(0905) 826-0586",Bailey-Johnston,http://stoltenberg.info/aut-ullam-cumque-reprehenderit-aperiam-in.html,"Able Seamen",olive,2014-12-30,cornell32@gmail.com,DW5=vr3'Z
a4d3acad-f847-31a0-8abd-2c5049ff6f3f,Prof.,Shyann,Corkery,"49/46 Schiller Valleys",Poblacion,Panabo,Pangasinan,Mayotte,353-175-663,"(0971) 771-4743","Schumm, Lubowitz and Prohaska",http://www.leuschke.com/,"Fire Investigator",lime,1975-04-13,willard.lubowitz@barton.com,"wdhpH""oe"
7b4b28c3-7e4a-34ad-a55b-9274c639771d,Mrs.,Katharina,Rath,"87A Feest Road",Poblacion,"San Fernando","Southern Leyte",Palau,560-214-683,"(0975) 542-0639",Spinka-Heller,https://lind.com/dignissimos-quae-molestiae-error-non.html,"Film Laboratory Technician",purple,1984-05-07,antonette05@hotmail.com,"]R7B)|}U)""v%R-""{H"
f66f5ecc-dfec-314b-8905-634046f6a0ee,Prof.,Jeromy,Brakus,"73/73 Reynolds Landing",Poblacion,Bacoor,Sorsogon,Angola,473-244-429,"+63 (905) 243-0445","Macejkovic Inc",http://www.hammes.net/facere-et-consequatur-sit,"Geological Sample Test Technician",olive,1993-03-06,leatha.mccullough@mayert.org,"/wKU}O""OI~L?[,]Rp3"
eb48a55e-e5d5-39a3-a70d-ba2cef32db33,Miss,Nicholaus,Murray,"67/85 Olson Gardens Apt. 403",Poblacion,Palayan,"Ilocos Sur","Sierra Leone",574-794-257,"(0919) 412-6198","Kris Group",https://spencer.com/commodi-minima-dolorum-eius-officiis.html,Physician,white,2022-11-17,araceli73@gmail.com,e8co3HmdP@PzD]
c4f36b63-87be-3eea-bcb8-70945c0a8a98,Ms.,Norma,Russel,"30A/81 Hayes Pike",Poblacion,Silay,Batanes,France,423-409-392,"(0998) 174-4760",Gerlach-Paucek,http://www.renner.com/et-rerum-illum-nisi-doloremque-consequatur-aut,"Veterinary Technician",silver,2018-01-21,newton.hills@yahoo.com,":b""jcvM?r3R-ka,/NXIH"
7ebf9b67-c777-3a7e-8fe1-77eb0e81b78e,Dr.,Jacklyn,Hayes,"05A Dickinson Corner Apt. 728",Poblacion,Toledo,Bataan,Burundi,582-094-718,"+63 (920) 665-3787","Lesch, McCullough and Hansen",http://www.cummings.com/,"Stringed Instrument Repairer and Tuner",gray,1979-07-04,jast.eloise@hotmail.com,"95,A.EKG"
1105f2b0-f136-32e9-b1e6-fdd1ead3efba,Dr.,Ernestina,Bogan,"11/93 Greenholt Roads",Poblacion,Pasig,Romblon,Canada,001-907-039,"+63 (920) 396-7864","Smith, Bernhard and Okuneva",http://swift.com/ducimus-porro-est-necessitatibus-corrupti-ut,"Keyboard Instrument Repairer and Tuner",blue,2020-01-11,lue55@klein.biz,`UErw=<
fabcb2f5-878d-3823-8d2e-a37bf16ba2c4,Dr.,Harry,Farrell,"93 Gaylord Views",Poblacion,Kabankalan,"Eastern Samar",Belize,442-571-238,"(0975) 921-3758",Robel-Ward,http://www.batz.com/officiis-alias-quis-sunt-vitae-laudantium-et-est.html,"Life Science Technician",teal,2019-06-14,hipolito.monahan@yahoo.com,^bVnn<kE
db6f4f26-942b-3997-9e19-cddcd3164e8f,Mrs.,Ronaldo,Zemlak,"55A Gibson Key Suite 945",Poblacion,Urdaneta,"Zamboanga del Sur",Botswana,379-791-931,"(0905) 915-5559",Gleichner-Terry,http://www.watsica.com/,"Tax Examiner",fuchsia,2005-09-07,pebert@yahoo.com,soFzw}8tD*_@YGlDui4V
b6800667-8287-3aef-b965-b56c0f0b6f53,Prof.,Nia,Zieme,"41A Ebert Burg",Poblacion,Bacoor,Apayao,Anguilla,308-063-037,"+63 (997) 657-5509",Cummerata-Kuphal,http://cartwright.com/,"Radio and Television Announcer",fuchsia,2020-01-19,myra75@quitzon.com,.MfDyez[_m
43985def-05fa-39b7-a7b2-3095953af1a1,Dr.,Aurelie,Dietrich,"88 Jast Cliffs Apt. 505",Poblacion,Iriga,"Ilocos Norte",Azerbaijan,780-704-658,"(0920) 597-2117",Feest-Wilderman,http://www.dare.com/,Announcer,aqua,2012-04-19,quitzon.iliana@gmail.com,8Bo1VsJA~u3$6ZBTA
32548f94-b83b-39e6-8c62-f622a0ee387a,Dr.,Khalil,Jacobi,"54A Friesen Crossroad",Poblacion,Maasin,"Zamboanga Sibugay",Malaysia,129-884-507,"+63 (931) 565-2384","McLaughlin and Sons",http://www.daugherty.info/quia-autem-fugiat-est-et,Cook,aqua,1975-10-19,stevie91@schiller.com,o'//(NI
e62b155b-6a00-359e-a732-1083f725d570,Ms.,Eriberto,Howell,"01A Schuppe Meadow Suite 951",Poblacion,Tagbilaran,"Lanao del Norte","Sri Lanka",164-120-697,"+63 (910) 675-0518","Koepp, Hudson and Grant",http://www.vandervort.com/vel-in-vero-odio-distinctio,"Title Searcher",olive,1975-11-22,bartell.casper@ondricka.biz,2J6rq<@Hcw^
107779a6-3d7e-3a71-9843-3599efc52540,Prof.,Ashlynn,O'Connell,"50A Hermann Turnpike",Poblacion,Koronadal,Batangas,Yemen,761-190-574,"(0948) 750-6044",Jast-Oberbrunner,https://ohara.biz/dolorem-et-optio-provident-sequi-explicabo.html,"Real Estate Broker",teal,2015-03-20,ellen.mclaughlin@farrell.org,I<+/[;k#jd;4z]pW`
e8bbbdde-6e22-31fc-9f88-a6d9f652e3db,Mrs.,Mervin,Douglas,"37A Kertzmann Spring",Poblacion,Valenzuela,Quirino,Singapore,001-511-713,"(0917) 301-2253","Bergnaum, Bernier and Huel",http://langworth.net/,Prosthodontist,fuchsia,2018-05-15,lenore.nader@yahoo.com,doV|9EndiHG-'f8Nj{lI
fbaef8db-4080-3976-b498-d3a62ea36c1c,Mr.,Lue,Runte,"83/91 Robel Streets Suite 447",Poblacion,Naga,Capiz,Bhutan,418-498-189,"(0940) 483-7794",Rolfson-Ward,http://torp.com/,Paralegal,gray,2015-01-09,esta.murazik@lynch.biz,-`kTy0JXq{
8d5cc60a-a159-3335-9ea7-88cc97c40e6e,Ms.,Gardner,Keebler,"40A/50 Jacobs Road",Poblacion,Kidapawan,"Misamis Occidental",Switzerland,151-323-602,"+63 (912) 333-7917",Reynolds-Thompson,http://dubuque.info/amet-consectetur-sint-ut-ex-et-quia,"Electro-Mechanical Technician",green,1972-05-15,bblanda@hotmail.com,]/S$uv:$v!2iT_Td<?L
e3fdf8c8-f663-370a-aab0-fd632f82d4d2,Dr.,Sheila,Schmeler,"15/29 Aufderhar Neck Apt. 906",Poblacion,"San Carlos",Bukidnon,Cambodia,799-702-701,"+63 (939) 248-7119","Halvorson Ltd",http://www.boyle.net/,"Health Services Manager",silver,1972-11-26,afisher@hickle.com,>bNZ'0tS]
2a46b71b-55fd-3c2d-8999-5738675e754d,Prof.,Amya,Lakin,"75 McLaughlin Avenue Apt. 195",Poblacion,Batac,Abra,Armenia,912-046-335,"+63 (948) 947-9767","Sporer LLC",https://www.graham.com/earum-illo-sed-culpa-eligendi,"Survey Researcher",maroon,1990-10-15,constance60@yahoo.com,"!SF/PYaEEBdX4A.3\"
eb2dd48b-a22f-3598-b06a-71909e0a4ef0,Prof.,Lenna,Anderson,"82 Ondricka Causeway",Poblacion,"Masbate City","Southern Leyte",Ghana,700-716-229,"+63 (949) 491-3079","Thiel Group",http://murray.com/,"Visual Designer",white,1973-12-25,may.effertz@hotmail.com,",l(~=`2~Y"
3012dbaa-55e4-30cd-9d1d-a7f795d9603c,Prof.,Rosa,Ebert,"76/79 Paucek Route",Poblacion,Isabela,"La Union",Ethiopia,726-578-944,"+63 (936) 806-1007","Cormier, Marquardt and Casper",http://jacobson.info/perspiciatis-inventore-id-dolorem-laudantium.html,"Construction Equipment Operator",navy,2020-06-30,dock41@kiehn.com,=H6skDy9
f4f73665-4ec8-35aa-a1bf-e338a8a67195,Dr.,Alvis,Crist,"95 Hauck Vista",Poblacion,Iligan,"Eastern Samar",Mozambique,050-134-222,"+63 (943) 126-5820",Gibson-Watsica,http://www.moore.com/,"Press Machine Setter, Operator",blue,1993-01-27,lindsey67@kuvalis.com,"<%@\Qva{hwDdM""N^jAW"
d429e613-23c1-32c1-b347-704270df74b0,Prof.,Gino,Dickens,"05A Kihn Forks Apt. 898",Poblacion,Lucena,"Ilocos Sur","Sao Tome and Principe",611-126-165,"+63 (926) 058-8686",Bergnaum-Boyer,http://www.nicolas.com/ipsam-saepe-voluptatem-sint-cumque,"Furnace Operator",yellow,1991-03-02,millie.moen@hotmail.com,{*NAZ_;GfU
bcc90039-4e69-3d95-93df-337feca027e5,Dr.,Justice,Mayer,"58A/22 Boyer Stream",Poblacion,Pagadian,"Misamis Occidental","Saint Kitts and Nevis",401-764-637,"+63 (978) 612-0057","Murphy, Marks and Farrell",http://www.okuneva.org/,"Textile Machine Operator",black,1998-01-20,sfay@metz.com,>m<n%)hiW(CNz
0e5fd899-f971-3ad0-9186-10fa4c335dde,Mr.,Berry,Hand,"14 Goyette Stravenue Apt. 323",Poblacion,Koronadal,Benguet,Guadeloupe,113-621-347,"(0925) 244-2709",Mohr-Erdman,http://www.macejkovic.com/quidem-iure-esse-aut-ipsa-qui,"Umpire and Referee",green,1972-12-09,fadel.ryley@hotmail.com,f-u&S6
808f950d-e428-3096-bc9e-87183e7583cc,Miss,Donna,Effertz,"00A Daugherty Ports Apt. 014",Poblacion,Victorias,Capiz,"El Salvador",788-600-349,"(0946) 567-9003",Kunde-Kreiger,http://www.hickle.com/id-sed-sint-necessitatibus-ipsa.html,"Financial Analyst",aqua,2014-03-16,caterina.crooks@kris.com,"(HpdK.w\KbYl&S."
9d0a0224-7562-3863-9ce9-695ee49148da,Miss,Melvina,Friesen,"31/66 McCullough Summit Apt. 804",Poblacion,"Santa Rosa",Rizal,"Equatorial Guinea",013-028-787,"+63 (917) 719-6385",Considine-Purdy,https://www.hegmann.com/ut-facere-error-accusantium-cumque-quasi,"Art Director",blue,2002-03-10,chaz.johnson@wilkinson.com,":KOY)bvA`y**E^""yBBl"
0e84f2bb-1abd-38c7-b833-21379ff4f8cf,Prof.,Bailey,Lueilwitz,"08A Fisher Keys Suite 495",Poblacion,"San Fernando",Batangas,"Heard Island and McDonald Islands",611-841-340,"+63 (906) 847-9117","Prosacco Inc",http://www.koch.org/repellendus-eos-cumque-aspernatur-sed-et-itaque-voluptate-et,"Commercial and Industrial Designer",gray,2001-12-15,adela09@oberbrunner.info,"YH""!fHYm;I!v""$=M367k"
dab58000-e986-3948-b417-8022aa06407a,Dr.,Ethel,Wolff,"10/66 Ferry Fork",Poblacion,Palayan,Sarangani,Cyprus,802-932-723,"(0942) 781-1093","Vandervort Inc",http://www.gerhold.org/,"Painting Machine Operator",lime,2011-10-14,mortimer.kihn@torphy.com,C2~r^{:fid]vi
04b07ab8-f469-31b5-933e-d1f8961a4166,Mr.,May,Goldner,"87A Hauck Walks",Poblacion,"Surigao City","South Cotabato",Egypt,642-055-986,"+63 (908) 476-4144","Hickle Group",http://reilly.com/ut-autem-voluptatem-consequatur-est-aliquam-earum-aut.html,Paperhanger,fuchsia,2024-03-05,rita35@dibbert.com,4N45b.dq#PVw
fbe931f2-48db-3896-842f-f53073d826b7,Dr.,Nina,Kemmer,"87/65 Legros Locks",Poblacion,"Masbate City","Surigao del Norte",Fiji,133-100-579,"(0994) 123-0580","Witting and Sons",https://www.hand.com/in-qui-consequatur-omnis-consequatur,"Telecommunications Equipment Installer",black,1992-01-06,brakus.bethany@yahoo.com,"g,v[mHQg?G"
55a821b2-a59f-3c07-9319-d17746e1b1d9,Dr.,Vivianne,Bednar,"10A/56 Legros Ford",Poblacion,Candon,Bataan,Chad,987-044-098,"(0949) 243-0432","Raynor, Shields and Leannon",https://www.stehr.com/ut-omnis-quia-in-doloribus-ut-quod,Barber,gray,2016-05-29,aileen71@beatty.info,"#=L7x?i""~EGLBMy~+%Q@"
7b4c51a6-39ec-391f-bc18-19f185799b6f,Prof.,Keanu,Walsh,"86A Tromp Circle",Poblacion,Mandaluyong,"South Cotabato",Montenegro,235-576-080,"(0923) 564-8053",Bechtelar-Wiza,http://www.gutkowski.com/culpa-aspernatur-aut-ut-qui-laudantium,Anesthesiologist,olive,1998-05-28,lromaguera@yahoo.com,5[Z:iYD3
1cbf8d94-7ab5-37d5-8a20-101c1a227078,Dr.,Catharine,Strosin,"73 Shields Prairie Apt. 393",Poblacion,"San Jose del Monte",Sulu,"Brunei Darussalam",639-179-528,"+63 (905) 846-1496",Murphy-Schuppe,http://www.rogahn.com/non-quisquam-ad-voluptatem-nobis-sit-a-occaecati-et,"Web Developer",aqua,2004-04-04,mara45@gmail.com,IL>:%v`S?9!/DyF
781075b6-7dd7-326a-9929-7f4b69c4c31f,Mrs.,Jerry,McLaughlin,"54/14 Kemmer Camp",Poblacion,"San Jose del Monte",Sarangani,"Western Sahara",128-764-323,"(0931) 449-1471","Robel, Rogahn and Reichert",http://barrows.com/et-reiciendis-quidem-nihil-voluptas-voluptatem-autem-nulla-voluptatem,"Purchasing Agent",yellow,2014-02-22,joseph.zemlak@hotmail.com,YdzeyUAH<.!:L
27913da9-8491-3708-a770-570b500495ed,Prof.,Davonte,Kilback,"84/80 Grady Gardens",Poblacion,Victorias,Kalinga,"Central African Republic",907-874-144,"+63 (942) 275-8005","Koch Ltd",http://www.towne.com/vel-eum-quae-quod-ducimus-fugiat-delectus.html,Usher,gray,2000-02-13,asteuber@schuppe.biz,"HD#G)""kZ\,Vu*&"
d48f7131-e4b9-3599-91b2-f9f264123540,Dr.,Imogene,Haley,"65A/81 Kub Cape Apt. 950",Poblacion,"Davao City","Davao del Sur",Mozambique,375-784-974,"+63 (971) 102-2872","Stracke LLC",http://www.conroy.com/quia-velit-excepturi-incidunt-qui-odio-voluptatem,"Insurance Appraiser",fuchsia,1971-12-05,lubowitz.gisselle@yahoo.com,"Px+\~8SAi"
6ddd3850-b1fa-381c-955b-85733ce4a9ed,Dr.,Annamae,Klocko,"15 Smitham Keys",Poblacion,Makati,Leyte,Ecuador,689-538-487,"+63 (909) 347-0612","Schumm Group",http://www.mayer.com/,"Retail Salesperson",fuchsia,1985-01-08,mkeeling@zulauf.com,YX)n='{bn2={<A&*@V
f4645ac8-07f2-352e-821a-6f4618793865,Miss,Halle,McKenzie,"40/44 Wyman Crescent",Poblacion,Ormoc,Laguna,Belarus,495-754-415,"(0943) 168-5323","O'Hara, Nitzsche and Miller",https://www.hyatt.biz/quia-voluptatem-voluptatibus-vel-iste,"Printing Press Machine Operator",aqua,2016-03-14,ardith06@luettgen.com,"/g`!1FfRH=""4!Go8%3"
a09c4c2b-a7ad-391a-9073-b7c144e48669,Prof.,Emma,Walter,"38A/30 Mosciski Falls Apt. 127",Poblacion,"Quezon City","Misamis Oriental",Tanzania,395-683-262,"+63 (927) 136-4802","Langworth Ltd",http://www.stokes.net/maxime-et-mollitia-hic-eum-id.html,"Equal Opportunity Representative",aqua,2000-01-10,pollich.oleta@gmail.com,u/&ftJ%-Gl*
12aa443e-fba3-3c2d-a9aa-ea876d4156a2,Prof.,Lily,O'Conner,"79A/42 Littel Road",Poblacion,"San Fernando","Nueva Vizcaya","Turks and Caicos Islands",360-746-335,"+63 (942) 738-8973","Osinski, Feest and Rau",https://kohler.info/in-deleniti-autem-ipsa-voluptate-soluta.html,"Petroleum Technician",white,1977-12-10,daniella64@wiza.biz,"Hg4\>V/';8t3>vK"
0a0af8fe-ebaf-3f1d-bdc5-edf95ca442fe,Dr.,Willy,Brekke,"54A Durgan Forge Apt. 113",Poblacion,Pasay,"Lanao del Sur",Israel,373-324-158,"+63 (980) 425-6064",Kassulke-Watsica,http://www.welch.info/,"Tree Trimmer",teal,1987-09-04,tgutmann@hotmail.com,<_Oy8;=(+
cff75abf-22ca-3b89-91e9-213a2bfdba03,Dr.,Orpha,Casper,"77A Ullrich Manors Apt. 417",Poblacion,Bayawan,Batangas,Croatia,179-158-341,"(0946) 745-5942","Wintheiser LLC",http://johnston.com/vitae-quos-veniam-velit-in-occaecati,Janitor,teal,1980-05-07,marquardt.addison@gmail.com,s>=xD{
80443da2-6f92-3525-8449-4b9d5489070a,Dr.,Thalia,Miller,"16 Hagenes Landing Apt. 770",Poblacion,Lamitan,"Metro Manila",Haiti,337-961-873,"+63 (925) 673-4612","Schamberger, Rogahn and Rutherford",http://www.blanda.info/sit-eligendi-commodi-repudiandae-corrupti-illum-est,"Sound Engineering Technician",green,2010-08-01,garfield.herman@gmail.com,+kUn|:C.(}js5x:VSyx
16aaf55b-e5f7-35d1-8495-863fd8a37956,Dr.,Baby,Bode,"71A/87 Donnelly Village",Poblacion,Ozamiz,"Mountain Province","Central African Republic",690-156-632,"(0973) 173-7132","Dietrich, Altenwerth and Heidenreich",https://www.stoltenberg.com/quam-atque-vero-ullam-voluptas-saepe,"Automatic Teller Machine Servicer",fuchsia,2019-06-16,eriberto.koelpin@steuber.com,"vNnAkWQJ?[Cu""!K}"
1be2e91d-3d61-393f-b699-bd6a803d63fa,Ms.,Hallie,Gulgowski,"97A Boyer Points",Poblacion,Makati,"Occidental Mindoro",Congo,099-057-367,"+63 (909) 228-4955",Hudson-Kozey,https://rowe.com/consequatur-voluptas-necessitatibus-asperiores-ipsa-vel-ea.html,Decorator,yellow,1997-10-18,acrist@bailey.com,",t""4Ce7,-*oz"
6331e5b2-c057-3517-9bf4-8cd7ac0e16ad,Ms.,Juliet,Rosenbaum,"46A/34 Rohan Ranch Suite 709",Poblacion,Cabadbaran,"Negros Occidental",Bolivia,227-471-898,"+63 (979) 143-0427","Kreiger Group",http://www.metz.com/deleniti-et-deserunt-voluptas-illum-magni-sequi-est.html,Warehouse,teal,1984-12-12,nhayes@corkery.com,"JGWV\JTYG+L<s0j9wz"
4ba4b82f-204f-34d9-a641-4a1753347b79,Ms.,Nick,Bechtelar,"14A Johns Rue Suite 427",Poblacion,Carcar,"Davao del Norte",Mali,273-722-590,"+63 (907) 124-5383","Wisozk Ltd",http://gerlach.com/qui-ea-id-quo-assumenda,"Training Manager OR Development Manager",silver,2001-08-11,grady.nelson@hotmail.com,VQJqnoVPLJR(
5c919d27-dda6-3a4b-a468-bfadb627d569,Dr.,Adriana,Becker,"55A/62 Marquardt Cove",Poblacion,Canlaon,Aurora,Vietnam,022-969-879,"(0905) 507-4131",Turner-Heaney,https://www.heidenreich.com/perspiciatis-necessitatibus-distinctio-vero-quia-necessitatibus-fuga-atque,Molder,black,2002-09-27,ken.krajcik@steuber.com,"H.o*,V'NH`"",SRp"
68e9f6c1-99d7-3c41-856a-d9855157a4ff,Prof.,Rachelle,Gleichner,"24A Runolfsdottir Motorway",Poblacion,Tabuk,"Oriental Mindoro",Cameroon,935-515-520,"+63 (938) 650-5644",Dickens-Vandervort,http://hilpert.biz/nam-laudantium-nisi-quia-alias-nam,"Medical Secretary",olive,2008-09-09,fwilderman@lebsack.com,P(:pwM
f9e3725f-cea5-31b3-b3f3-1653b37759e0,Prof.,Sonia,Hagenes,"88 Grant Walk",Poblacion,Bi単an,Tarlac,Oman,436-172-192,"(0917) 969-4082","Ritchie, Mraz and Runolfsdottir",http://kiehn.com/porro-perferendis-nisi-asperiores-velit-corrupti-ipsa,"Sales and Related Workers",lime,2008-01-13,maria61@hotmail.com,}4N$2)eQ@lZrBt
e96834cd-7b2d-3dc4-9315-0f89151c3f41,Ms.,Savannah,Klein,"89 Weissnat Forges",Poblacion,Pasay,"Ilocos Norte",Kiribati,388-785-436,"+63 (918) 986-9820","Gaylord PLC",http://weimann.info/quasi-velit-aut-eum-est-totam-non-debitis,"Farm and Home Management Advisor",purple,1991-11-04,hoeger.arlene@anderson.org,txoCuhUj.m-sm'mY=
68239210-f2a8-32b5-a967-04df7c5cc653,Prof.,Kylie,Schuster,"22 Macejkovic Field Suite 901",Poblacion,Kidapawan,Pangasinan,Chile,109-724-522,"(0937) 034-9437",Braun-Schmidt,http://gusikowski.com/illum-deleniti-aut-velit-hic,"Receptionist and Information Clerk",purple,2007-11-20,vivianne13@okon.org,fDwJ(A|;=
cf6adbe9-12f4-3d74-ad93-c372d7653f29,Ms.,Kasandra,Marks,"41/64 Mayer Wells Suite 174",Poblacion,Tacurong,"Zamboanga Sibugay","Burkina Faso",104-857-663,"(0906) 441-9418","Daniel PLC",http://wintheiser.com/,Detective,navy,2019-10-03,stoltenberg.rasheed@hotmail.com,vT|%o%|q=.Itwd=k:
6638114a-c7c7-3afe-8c1d-1bf4dbaa8b49,Dr.,Enos,Kreiger,"57A Deckow Islands Apt. 214",Poblacion,Olongapo,Sarangani,Micronesia,341-457-208,"+63 (994) 011-3317",Dickinson-O'Connell,http://www.hermiston.org/sit-laboriosam-et-velit-eveniet-nihil,"Machine Operator",blue,2012-01-01,alanis.ondricka@witting.com,[eIo=A80>Y
9e1583ca-b23c-3fe6-a457-ccdc7acfce96,Dr.,Rashad,Goodwin,"41A/71 Turner Cliff",Poblacion,"Surigao City",Ifugao,Zambia,894-819-659,"+63 (948) 428-5700","Emard PLC",http://www.bartoletti.net/quia-ut-sint-saepe.html,"Segmental Paver",aqua,1988-10-16,darryl68@yahoo.com,N%pTPY2+<
7bfd0b36-7cd1-396e-9727-1f42ccd522b3,Mr.,Mazie,Miller,"89A/74 Kshlerin Skyway Suite 596",Poblacion,"Davao City",Rizal,Guatemala,445-223-352,"+63 (927) 976-1994","Kohler and Sons",http://treutel.com/aliquam-architecto-ducimus-aut-necessitatibus-iusto-enim.html,"Photographic Process Worker",fuchsia,1971-11-06,bosco.marcus@gmail.com,*]^7cjmt)GCW
48b5c8eb-cd7a-3d90-a5e5-bf95f251fc01,Prof.,Frankie,Mosciski,"08A Wilkinson Road Suite 908",Poblacion,"San Fernando","South Cotabato",Belize,918-429-265,"(0932) 248-8201","Baumbach, Toy and Bahringer",http://www.pfannerstill.com/et-voluptates-enim-aut-quis,"Supervisor Fire Fighting Worker",aqua,2022-12-26,grady.laurianne@gmail.com,$=<Ao7O#XQ)
7a7496bb-c995-3e40-bcaf-35ff83b22785,Mrs.,Reanna,Powlowski,"76/83 Schaefer Fork Suite 481",Poblacion,"Cavite City","Agusan del Sur",Guadeloupe,297-379-899,"+63 (817) 076-8395","Schmitt and Sons",http://walker.com/labore-exercitationem-non-sint-beatae-at,"Power Distributors OR Dispatcher",lime,1974-08-28,kuhlman.rosella@reichert.com,}jQ^lUfnV'{
8b69ed65-4978-3142-a630-0c31914971cd,Dr.,Bell,Anderson,"09A Kiehn Ports Suite 830",Poblacion,Oroquieta,Albay,Senegal,411-206-020,"+63 (931) 541-2529","Heaney, Rutherford and Luettgen",https://www.swaniawski.biz/optio-nihil-minima-animi-omnis-id-dolores-perspiciatis,"Railroad Switch Operator",yellow,1994-10-27,sgerlach@yahoo.com,v=^v@XXs<
18acd64e-b72a-361a-84d7-a68cafdd0221,Prof.,Isabell,Gutmann,"69A/42 Stokes Turnpike",Poblacion,Muntinlupa,Biliran,Taiwan,127-591-728,"+63 (817) 930-1974",Mueller-Weber,http://will.org/nulla-occaecati-repellat-totam-minus-architecto-sunt-dolorum,"Education Teacher",navy,2003-03-25,hartmann.gene@streich.com,dKR#U*]O.!;[:_:Q
6549d0b5-f5e8-31ff-8942-7657cb0c24d5,Prof.,Gus,Fahey,"74A/57 Botsford Track",Poblacion,"Cotabato City",Pangasinan,Guadeloupe,159-073-204,"+63 (977) 644-1595","Trantow, O'Reilly and Feeney",http://grimes.biz/,"Transportation and Material-Moving",olive,2022-01-30,maida.mcclure@daniel.com,lxy?==;BU#8BEO
f202b4b1-86c4-3aaa-a77a-4758982b7e5e,Miss,Kacie,Mante,"42 Klocko Hills",Poblacion,Gapan,"Misamis Occidental",Togo,812-656-601,"+63 (999) 326-3857",Cummerata-Conn,https://maggio.com/vel-pariatur-et-non-id-cum.html,"Crane and Tower Operator",olive,2011-05-12,bahringer.casey@hotmail.com,..!JBHHYhbiM?CWGs`
6ba5576b-6756-3306-8ca6-e7ff2388cac7,Prof.,Diego,Dare,"21A/07 Walsh Manors",Poblacion,Palayan,Abra,"Kyrgyz Republic",102-182-753,"(0928) 138-6645","Dach Group",http://herzog.com/dolores-voluptatem-deserunt-quo-maiores-omnis-porro-facere-ipsa.html,"Political Scientist",green,1996-06-23,mterry@glover.com,;:*z@200K
e6e58346-331e-3392-8135-f06c8d3aabaa,Ms.,Darrel,Doyle,"83/13 Kuhic Lights Suite 298",Poblacion,Dumaguete,Leyte,Canada,317-231-061,"(0932) 311-5990","D'Amore Group",https://beier.biz/aut-nam-corrupti-aut-unde.html,"Stone Sawyer",black,1977-12-25,fay.maia@gmail.com,xaAZFbomRUkC
51044b73-789d-3f2b-975a-a3a6c83c13c7,Dr.,Stanford,Schamberger,"36/39 Konopelski Cliffs Apt. 776",Poblacion,"San Juan",Quezon,Palau,521-058-377,"+63 (919) 192-2417","Hagenes, Von and Bradtke",http://www.moen.com/,"Loading Machine Operator",white,2013-01-05,zulauf.florencio@roberts.com,"L>7\mTm/f"
92db8fa2-055a-3a90-a4c0-0e70a1b99720,Mr.,Foster,Haag,"25 Hill Burg Suite 066",Poblacion,Bogo,Basilan,"Norfolk Island",207-653-721,"(0998) 641-3167",Schmeler-Stroman,http://www.jacobson.info/labore-et-commodi-maxime-asperiores-qui-est,"Armored Assault Vehicle Crew Member",olive,1997-08-31,isabella76@yahoo.com,q?{L`vLM
39f12a58-a0da-3299-b2ca-02eb1e1288f1,Miss,Ardith,Kessler,"49/35 Runolfsdottir Estate Suite 676",Poblacion,Bais,"Negros Oriental",Maldives,229-995-576,"(0937) 692-9594",Flatley-VonRueden,http://www.beer.com/accusantium-aliquam-quo-voluptatum-rerum,"Food Preparation",lime,2003-12-06,fabian.cronin@hotmail.com,+^-WS]CJPTR5}6PY}gVp
bf401d9b-5e41-30c4-9b8d-27ff4e7d5469,Prof.,Jacky,Rohan,"71/67 Effertz Oval Suite 643",Poblacion,Tagbilaran,Ifugao,"Saint Lucia",361-310-694,"(0994) 494-6608","Bartoletti LLC",http://oconner.com/vel-in-sed-nam-nostrum-reprehenderit,Garment,lime,2017-09-21,mlebsack@wehner.com,u!amU8e1
068da0e0-a5fc-31d4-8c29-7b1842da7c61,Prof.,Jeff,Howell,"70A Wiegand Drives Apt. 921",Poblacion,Cabadbaran,"Misamis Occidental",Brazil,065-902-432,"(0915) 435-0427","Tremblay, Bashirian and Armstrong",http://www.stiedemann.net/minima-laboriosam-quas-consequuntur-voluptas,"Welding Machine Tender",maroon,1981-07-08,bframi@gmail.com,"+J(z{\Ji$c*=(G)l"
b2cc6882-1993-3735-8915-a2219afb9418,Dr.,Mallory,Harber,"21A Koss River Apt. 292",Poblacion,Tandag,"Surigao del Sur","Hong Kong",837-560-304,"+63 (912) 749-9711","Rutherford, Mills and Kuvalis",http://www.roob.com/officiis-harum-velit-aut.html,"Oil and gas Operator",purple,1985-09-12,tschuppe@yahoo.com,(H&O1m>
ff382326-3773-35ad-b261-08557597f849,Mr.,Nelda,Towne,"21 Heller Ford Apt. 840",Poblacion,Tabuk,"Ilocos Norte","Netherlands Antilles",090-990-574,"+63 (925) 960-3387","Lesch, Terry and Wunsch",http://rosenbaum.biz/molestiae-nam-beatae-distinctio-dicta-veritatis-accusantium,Announcer,lime,1981-11-17,spinka.ellsworth@yahoo.com,"DD~JyE/(qV\"
af7bd43a-9b8f-3e39-8187-5f0cb620043f,Miss,Kyla,Cummerata,"12/84 Okuneva Lights Suite 006",Poblacion,Bayawan,Samar,Netherlands,910-508-256,"+63 (907) 043-0335","Walsh Inc",http://will.com/,"Education Administrator",blue,1988-04-26,alysa04@goodwin.com,R<DVX3P
ac498b03-c215-3cc8-8fdd-d1e993f7327c,Prof.,Jailyn,Larson,"21/58 Smitham Isle Suite 525",Poblacion,Ormoc,"Zamboanga Sibugay",Hungary,082-799-398,"+63 (939) 668-2293","Purdy, Nader and Durgan",http://reilly.com/suscipit-esse-a-nemo-voluptatem-id-dicta.html,"Marriage and Family Therapist",aqua,2004-05-22,malika73@ruecker.com,sh#QdMP^yF#|1VzmC3
a9f8517c-7d7f-3630-b22a-9081b5154460,Ms.,Edgar,Marquardt,"92/13 Mosciski Shoals",Poblacion,Gingoog,Albay,Bulgaria,407-298-756,"(0938) 028-6267","Smitham, O'Conner and Jenkins",http://rice.info/aut-itaque-rem-ea-non-sint-id,"Keyboard Instrument Repairer and Tuner",lime,2023-09-16,wallace.jaskolski@funk.net,<xWUD5
cb026e4f-01aa-3601-9521-ffe4d6efb6f0,Ms.,Mortimer,Goldner,"55/80 Mills Row Apt. 452",Poblacion,Sagay,Leyte,Korea,500-527-031,"+63 (918) 416-8550","McDermott Group",http://skiles.biz/eaque-recusandae-eius-ut-repellat-cupiditate-dolores-exercitationem,"Manager of Food Preparation",aqua,1972-10-10,schaden.horace@gmail.com,"hkd~V`PV'E/\dB"
2c014723-f314-397a-a6a2-3fff5c59fa9d,Prof.,Claude,Schneider,"44/19 Barrows Fork",Poblacion,Pasay,Laguna,Guam,835-796-701,"(0919) 343-6015","Medhurst, Konopelski and Muller",http://gerhold.com/velit-et-quas-qui-laudantium.html,"Real Estate Sales Agent",fuchsia,1974-05-06,idonnelly@walter.org,"gBZcf\w="
6a5adbe2-29aa-35a4-836c-561dcdb4741b,Miss,Doyle,Murphy,"97A/99 Robel Port",Poblacion,"Trece Martires",Masbate,Cameroon,541-128-388,"+63 (973) 178-6358","Wisozk Ltd",http://lynch.net/accusamus-quisquam-minus-sequi-perferendis-architecto-hic-incidunt-exercitationem,"Credit Checker",fuchsia,2018-06-07,lesch.alisha@yahoo.com,"\<,rQQ>w"
37a03f04-96f2-388f-b831-5c6f91e69543,Dr.,Hobart,Flatley,"44A/98 Strosin Junction Apt. 671",Poblacion,Cabanatuan,Aurora,China,327-429-056,"(0931) 071-6531","Schinner LLC",http://www.quitzon.com/et-vero-ut-ut-voluptatem,"Hazardous Materials Removal Worker",navy,1972-06-24,tprosacco@hotmail.com,"9JjuJ[IK9{1r/,mc<@z"
8382f329-b3af-3a1c-90eb-e6f9a5e00950,Dr.,Delphine,Maggio,"21A/62 Buckridge Burg Apt. 627",Poblacion,Dapitan,Aklan,Nicaragua,014-119-366,"+63 (935) 253-0088","Kozey, Steuber and Williamson",http://haley.info/,"Foreign Language Teacher",green,1999-10-15,bjakubowski@hotmail.com,"yFz%-u`I>S,(dJI"
4739a247-9621-3835-82f6-f90b001a69df,Prof.,Lucius,Hermann,"32A/48 Labadie Plaza",Poblacion,Meycauayan,"Northern Samar",Chile,181-345-780,"+63 (912) 826-7825","Nikolaus, Johns and Goyette",http://greenholt.info/,"Producers and Director",olive,1978-11-09,cwiza@gmail.com,Evv9yVbdbJ$[
30bbf526-7d44-3f27-a482-9daef0582b4b,Dr.,Jerald,Okuneva,"99A Maggio Ridge",Poblacion,Para単aque,Isabela,France,682-357-601,"+63 (910) 349-5519","Tillman, Hoeger and Cruickshank",https://luettgen.org/consequuntur-voluptas-odio-ut-aspernatur-pariatur-aut-numquam.html,"Motorboat Operator",blue,2023-09-25,lubowitz.jannie@dickens.com,G:{*9r'^
40b5bd57-143b-362e-9f49-985fcb6ccbd3,Ms.,Richard,Schowalter,"65A Carter Land",Poblacion,"San Jose",Sarangani,Lithuania,456-483-575,"+63 (926) 524-0565",Friesen-Rosenbaum,http://jast.com/delectus-aut-aut-tempora.html,"Fire Fighter",lime,1988-02-05,lou19@hotmail.com,)f'zPT%wYS[
6e61a405-c144-3950-9995-345d26a351ed,Dr.,Ozella,Morissette,"19A Roberts Via",Poblacion,Cadiz,"Southern Leyte","Russian Federation",824-506-513,"+63 (817) 700-7339",Considine-Senger,https://bartell.net/dolores-et-perferendis-perferendis.html,"Air Crew Officer",navy,2002-10-20,kunze.dorothy@hotmail.com,EACSXZ%]=Mfc(~BZk28
83de20f3-9072-3e83-a285-ac54e47f4616,Dr.,Candace,Deckow,"69 Kilback Glens Suite 476",Poblacion,"Surigao City","Southern Leyte","Saint Lucia",606-627-150,"+63 (989) 560-9047","Hudson, Gerhold and Rath",http://hamill.info/enim-suscipit-quis-voluptas-non-eius,Electrician,olive,2024-07-02,delia30@schmitt.com,"(AiU4u139Ar""9pl^_T"
7be5743a-ae76-30da-8de7-42398eff13f9,Dr.,Penelope,Denesik,"14A/64 Ward Plain Suite 944",Poblacion,Catbalogan,Aklan,Rwanda,124-706-916,"(0938) 326-6668","Walter, Goldner and Ledner",http://www.kirlin.biz/perspiciatis-modi-sunt-fugit-voluptatibus-rerum-dolores,"Rail Car Repairer",gray,1986-01-17,gussie87@hotmail.com,4ndi0mBS
503c3668-348e-33db-8cae-1ededdde77b7,Mr.,Michael,Crist,"97A Fritsch Tunnel",Poblacion,"San Jose del Monte","Southern Leyte",Bermuda,063-232-236,"+63 (933) 543-8950","Heidenreich, Raynor and Langosh",http://collier.com/,"Market Research Analyst",maroon,1981-05-12,jwunsch@gmail.com,l_^;.)
3011360d-3f85-3848-b4c5-e389140021b1,Dr.,Bridgette,Wiegand,"44 Miller Radial",Poblacion,Tacurong,Apayao,Cyprus,146-459-417,"(0813) 486-9716","Predovic and Sons",http://www.davis.com/,"Film Laboratory Technician",navy,1971-09-22,lura.wehner@yahoo.com,"%t)&q""Q]L)u"
85ee0e2c-6306-3583-9b2f-f450335f0bfa,Dr.,Beatrice,Wisozk,"45/62 Prosacco Lakes",Poblacion,Ozamiz,"Zamboanga Sibugay","Heard Island and McDonald Islands",368-417-833,"(0907) 942-3009",Ziemann-Daniel,http://www.balistreri.com/impedit-veniam-et-minima-nihil.html,"Taxi Drivers and Chauffeur",teal,2009-11-23,wrempel@gmail.com,"[492Q,muir@"
9a0c26dd-19e6-395d-a5b7-b096df166827,Prof.,Casandra,Boyle,"81A Streich Landing Suite 892",Poblacion,Lipa,"Nueva Ecija",Algeria,229-997-422,"+63 (975) 231-9558","Roob, Gibson and Gulgowski",https://mertz.com/tempore-eius-hic-sequi-esse-facere-corporis-vero.html,"Gas Pumping Station Operator",lime,2004-09-01,nschiller@runolfsdottir.com,"""%Mu6};Z@=HH~ylFKh"
0e59b1b6-84d7-3f86-904f-f5a27a775986,Prof.,Meda,Bogan,"17 Mertz Garden Suite 082",Poblacion,Alaminos,Biliran,Belize,439-208-981,"(0938) 061-2407","Reinger, Bashirian and Heidenreich",http://ryan.com/,"Pharmaceutical Sales Representative",purple,2010-04-14,barry.gaylord@koelpin.com,HDK1'57JrHwSNPo`xsh
05eb04ca-9a05-3b34-b1cd-7a7a0024c8a4,Mr.,Rogelio,Skiles,"10A Wolf Land",Poblacion,Valencia,Sorsogon,Germany,869-511-200,"(0997) 986-7913",Erdman-Sipes,http://www.roob.com/accusantium-quibusdam-deleniti-hic-quia-ipsum-consequatur-quos-labore,"Private Sector Executive",aqua,1972-12-29,trystan50@gmail.com,"0*Lf7""odaK33>2%"
e6d385f5-98c5-3257-ac8b-0417af2c7ceb,Mrs.,Carmela,Conn,"77 Gusikowski Walks",Poblacion,Ormoc,"Ilocos Norte","Puerto Rico",394-877-858,"(0921) 252-0403","Marquardt, Mann and Hansen",http://corkery.com/,"Maintenance Equipment Operator",maroon,2003-10-18,klein.lizeth@lang.com,"fFI6n[j)\T`"
605b0ff2-7bf5-3f03-9b28-c93a8bb430d5,Dr.,Mariano,Kshlerin,"11/10 Marvin Mission Suite 433",Poblacion,Palayan,Sorsogon,Armenia,796-828-924,"(0932) 051-4385","Runolfsdottir, Dach and Satterfield",http://www.goodwin.com/eaque-magni-quia-dolores-delectus-ut-cum-quia.html,"Central Office Operator",maroon,2003-08-26,dayna.dietrich@langosh.com,rKF[!t9&P_N?BQ.&g
9b05ed01-c270-355a-9ce2-b30d18183087,Prof.,King,Hartmann,"32 Bergnaum Gateway",Poblacion,Sagay,"Zamboanga del Sur",Jordan,647-999-943,"(0900) 454-8329","Schuppe Group",https://hodkiewicz.info/nesciunt-autem-vitae-culpa-et-quae-saepe-voluptas.html,"Technical Specialist",aqua,1990-03-30,xankunding@howe.net,i+V[t5XpwKeT:F
b8ed81a4-cc3c-36ea-bd6b-c8861bcc356c,Dr.,Catharine,Green,"46 Johnson Stream",Poblacion,Calapan,Benguet,Reunion,976-189-547,"+63 (926) 756-9844","Gottlieb, Purdy and O'Hara",https://www.schaefer.net/eos-vel-sint-et-doloribus-earum-eligendi,Cartoonist,yellow,1988-05-24,wilfrid59@yahoo.com,"VK,y`NagzKVx_2#U"
e89141d4-6f53-3987-b62b-7cd72c47ba87,Mr.,Lorena,Beatty,"40 Wunsch Trail Suite 041",Poblacion,Tanauan,Sulu,Malta,217-548-400,"(0989) 849-0443","Nienow LLC",https://kilback.org/sunt-dignissimos-eligendi-nihil-et.html,"Customer Service Representative",silver,1984-01-29,trent.feest@hotmail.com,":Hg\9J`?[eX"
1cb43751-eb88-3029-bc7a-3f4597dda346,Mr.,Marlon,Sauer,"88A/14 Bauch Center",Poblacion,Tanauan,"Occidental Mindoro",Monaco,837-774-537,"+63 (933) 355-6259",Lang-Graham,http://www.kunde.com/soluta-inventore-quia-eveniet-non-nulla-aspernatur,"Probation Officers and Correctional Treatment Specialist",teal,1983-11-09,shemar.shields@okon.com,"C4.<),3-t%y^FI`jojy"
ce357a85-2675-30ee-9a57-dec92237425a,Mrs.,Juliana,Turcotte,"06A Effertz Throughway Apt. 965",Poblacion,Himamaylan,"Dinagat Islands","United States Minor Outlying Islands",359-606-716,"+63 (912) 558-0950",Bernhard-Von,http://mitchell.com/earum-quasi-aperiam-necessitatibus-nulla-excepturi-similique,"Medical Laboratory Technologist",teal,1990-04-11,bkrajcik@gmail.com,"}]`hm#!5\p@_"
5b5eaa6e-6ea4-3507-a3ca-1340e21c2332,Mr.,Priscilla,Hagenes,"43A/96 Oberbrunner Terrace Suite 494",Poblacion,Pagadian,Tarlac,Fiji,978-198-705,"+63 (998) 897-1850","Brekke, Morissette and King",http://www.raynor.biz/,"Medical Appliance Technician",white,2018-05-08,brooklyn13@schmidt.com,"n}Q,z+Q_1""qEX~x<f=j"
3cbbd086-a5b6-359a-a172-bcdfbd218aa3,Dr.,Damien,Labadie,"83A/95 Kuhlman Landing",Poblacion,Gingoog,"Mountain Province",Kenya,848-071-190,"+63 (946) 642-4156","Hagenes, Batz and O'Connell",http://deckow.net/in-deserunt-voluptas-ut-odio-rerum-est.html,"Aircraft Structure Assemblers",aqua,2010-01-09,rowena.marquardt@yahoo.com,"poT\j!;"
0ccdbfc1-0966-3570-a557-26b5fce59f82,Dr.,Nikki,Weimann,"48A Koelpin Rapids",Poblacion,Imus,Pampanga,Kuwait,454-041-112,"+63 (971) 059-7067","Lemke, Rogahn and Botsford",http://parker.net/omnis-debitis-culpa-voluptatem-qui,"Oral Surgeon",gray,1997-12-24,curtis06@kshlerin.com,)k00]>?5HD~Rv1S>suS
56dd36d3-fc21-3804-b931-258aec8292c5,Dr.,Emma,Marquardt,"68A/81 Douglas Junctions Suite 285",Poblacion,Tacurong,Camiguin,"Saint Lucia",833-070-754,"(0910) 904-5729","Stokes Ltd",http://bernhard.com/ea-optio-provident-ab-assumenda-fuga-et-possimus-natus.html,"Electronic Masking System Operator",white,1983-05-03,enrique.emmerich@yahoo.com,=[qg(mfO
ed0c9d5d-6f05-3f71-bc4e-337f6abeb38e,Prof.,Devin,Kirlin,"46 Kovacek Prairie Apt. 022",Poblacion,Mandaluyong,Aklan,"Saudi Arabia",365-726-567,"+63 (919) 728-5639","Keebler, Hayes and Leannon",http://goyette.com/impedit-repellendus-perferendis-itaque.html,"Reservation Agent OR Transportation Ticket Agent",blue,1995-03-23,keyshawn90@yahoo.com,"q""M8)C}w'<>1U7==+pW@"
22ce3caa-bfbf-35ec-8413-f010c43a610e,Miss,Maddison,Treutel,"52A Johnston Fall Suite 874",Poblacion,Tanjay,Isabela,Zambia,694-763-206,"(0998) 539-5666","Mitchell PLC",http://www.stroman.com/,"Ship Engineer",navy,1997-03-17,freeman.abbott@shields.info,I~tQXik-Y
9602c356-3109-3d1b-b844-fa7dc89000c4,Dr.,Cecelia,Wehner,"20 Walker Station Suite 609",Poblacion,Valencia,"Davao del Norte",Kenya,158-761-295,"+63 (930) 666-7590",Erdman-Leffler,http://www.okuneva.com/,"Air Crew Member",teal,2008-07-16,fleuschke@smitham.com,53j^J}xPeY;:Yd#B9
c046863c-2dbd-3ff8-ba23-a87700d5986e,Dr.,Norma,Walsh,"47A Hamill Mount",Poblacion,"Davao City",Basilan,"Czech Republic",472-392-419,"(0916) 597-2065","Huels Ltd",https://www.gibson.org/iusto-rem-assumenda-inventore,"Costume Attendant",fuchsia,1994-12-28,gorn@flatley.info,]Vz`_.P*
c254b465-32bc-354e-b619-a773462e2d9f,Mr.,Wyman,Koch,"37A/65 Hamill Shoal",Poblacion,Cadiz,Marinduque,Hungary,231-544-218,"(0928) 215-6675",Rogahn-Mills,http://www.will.com/error-ipsa-alias-id-corporis,"Private Sector Executive",gray,2001-05-04,russel11@gmail.com,S}mc?pA{C44#p}
038fc3e6-0635-37b0-a8c0-e5ea14d7659c,Mr.,Cheyenne,Kuhlman,"00A/92 Crona Mountain",Poblacion,Naga,"Ilocos Sur","Kyrgyz Republic",240-210-098,"+63 (971) 598-9764","Collier, Berge and Witting",http://www.dickens.com/,"Nuclear Medicine Technologist",white,1990-01-30,minnie.weber@yahoo.com,"<""abizN}YGhIXys""i0@R"
d6dde616-ef22-3adc-a459-e6ede5fa0297,Dr.,Velva,Langworth,"17A Wunsch Shoal",Poblacion,Makati,Marinduque,Tanzania,959-110-737,"+63 (977) 258-0530","Berge, Okuneva and Osinski",http://www.koelpin.com/minus-magnam-dolorem-ut-perspiciatis-sed-sed.html,"Skin Care Specialist",fuchsia,1989-01-25,robin84@yahoo.com,"\"=`Y[&p"
8598350a-a30b-39f1-9cbd-0fef9c2a2f57,Mr.,Vesta,Reichert,"27A Bartell Rapid Suite 935",Poblacion,"Sorsogon City","Surigao del Sur",Georgia,421-809-549,"(0921) 452-2620",Predovic-Rowe,http://pfannerstill.net/,"Counseling Psychologist",fuchsia,2000-01-09,zakary.grant@tromp.com,Yj(?|bL
068c4c96-6cf7-3a1e-9e61-aad54ce376a0,Prof.,Dusty,Bashirian,"91A Cassin Mountains Apt. 136",Poblacion,Ormoc,Iloilo,"Equatorial Guinea",102-907-055,"+63 (979) 258-1338",Waelchi-Rau,http://graham.com/ex-dolorem-ipsa-sed-sit-non-mollitia,Spotters,olive,1978-09-21,felton.ebert@hotmail.com,PUi%J`2U^
bce24d80-d166-3221-9e09-ca6b6a7ab122,Mr.,Chauncey,Will,"31A/40 Goyette Alley Apt. 500",Poblacion,Bayugan,Maguindanao,"Saint Vincent and the Grenadines",973-483-773,"(0909) 685-1334",Hauck-Reinger,http://hoppe.net/ea-hic-numquam-doloribus-doloribus-est.html,"Pharmacy Aide",navy,1970-10-22,xcarroll@brekke.info,Zn=PL%KB(W0XqCe
c073732b-0814-335b-ac6b-6eb4b73a0148,Prof.,Carmella,Huel,"27A Bauch Locks Apt. 067",Poblacion,Urdaneta,Laguna,"Cote d'Ivoire",250-147-369,"+63 (911) 701-1166","Satterfield and Sons",https://www.orn.com/ut-minima-voluptas-enim,"Agricultural Product Grader Sorter",purple,2003-08-28,vabernathy@wunsch.info,&OM)-k&6:R(>W.C|ev3[
fc2f8aec-76ae-3876-bf89-fc3941e320b3,Dr.,Corene,Hansen,"90/91 Bins Vista Apt. 813",Poblacion,Muntinlupa,Tawi-Tawi,"Puerto Rico",785-688-207,"(0939) 558-6182","Cremin Ltd",https://hartmann.net/non-autem-aut-incidunt-mollitia-praesentium-quisquam-quaerat-sequi.html,"Retail Salesperson",silver,2003-06-02,beau.oberbrunner@yahoo.com,]DsHtuU%O?Dg)@Z
a861b7a6-5757-31f5-89ea-daf5379491f1,Mrs.,Enid,Feil,"30A/69 Schimmel Trail",Poblacion,Kabankalan,Albay,Guadeloupe,149-509-010,"(0973) 041-3861",Grady-Kemmer,https://shields.com/commodi-fugiat-ea-et-occaecati-inventore.html,"Anthropologist OR Archeologist",white,1981-09-15,hrowe@hayes.com,"N;R<*N=Z,|hb|AT,!"
fe48fbc4-379c-351d-a4ae-1ee18468ec61,Prof.,Catherine,Cartwright,"74/88 Skiles Streets Apt. 977",Poblacion,Canlaon,Rizal,"Saudi Arabia",483-876-226,"(0813) 221-4526","Kling, Gutmann and Kozey",http://www.rowe.info/,"Radio Mechanic",maroon,1996-11-04,corkery.hazle@hessel.biz,"JT"">==GwJ""1%vMBjRVO"
0ac1a287-87e4-3b7f-95ef-6ee03da43fd4,Prof.,Sylvan,Kunde,"36A Mraz Ranch",Poblacion,Tayabas,"South Cotabato",Somalia,743-649-374,"(0920) 030-5401",Thiel-Douglas,http://oberbrunner.com/,"Physical Therapist Aide",silver,1975-10-03,orn.georgette@schmitt.info,~FV`8ok8j2~VPD8/~
1c26682c-e3aa-3501-9fb9-f94cfd46bbce,Dr.,Grayson,Collins,"47/88 Wunsch Plaza Suite 676",Poblacion,Toledo,Zambales,Bahamas,521-862-287,"(0943) 596-4438","Reinger, Quitzon and Block",http://roberts.com/,"Preschool Teacher",navy,2021-07-28,lbayer@yahoo.com,Ek>SL^9+}
4b5ef581-99e6-36b3-9d33-c2b669f36c64,Dr.,Destinee,Heaney,"29/44 Lemke Squares",Poblacion,Maasin,"Nueva Vizcaya",Barbados,968-479-281,"+63 (938) 001-3395",Hettinger-Gusikowski,http://lemke.info/eius-dolores-delectus-tenetur-laborum.html,"Account Manager",green,1981-12-09,cshanahan@yahoo.com,!HSe3c8
309b6799-7acb-3c9a-bec6-2241236cc95b,Mr.,Jovan,Moen,"82/71 Davis Flats Apt. 310",Poblacion,Tuguegarao,Albay,Montenegro,255-965-952,"(0911) 476-1347","Bednar, Ziemann and Bernhard",http://www.lemke.com/suscipit-rerum-dolore-est-similique,Astronomer,blue,1995-05-17,karley.yundt@gmail.com,tQTSQ8{6F^F:K=q
951368a1-b0ca-30a5-9cb2-805e8c95473b,Prof.,Nolan,Conroy,"91A/27 Littel Forges",Poblacion,Bayawan,"Agusan del Sur",Bahrain,239-521-897,"+63 (923) 431-7192","Williamson, Ortiz and Upton",https://www.schamberger.net/non-nostrum-commodi-sunt-repellendus,"Job Printer",silver,2013-02-10,qbosco@yahoo.com,"W7j""P3aArj,K!o"
e987e298-40b7-3710-8757-b00663ab290d,Dr.,Julio,Tromp,"43/47 Nikolaus Stravenue",Poblacion,"Cebu City",Bulacan,"Costa Rica",153-169-518,"(0910) 926-6807","Heidenreich Group",http://www.lakin.com/,"Vocational Education Teacher",blue,1988-01-12,keaton48@ohara.biz,^Juba]]d5:
f13303f0-ec0e-36a9-9155-a7d3139b3be9,Dr.,Dave,Ebert,"04A/56 Dare Club Suite 346",Poblacion,Dagupan,Cebu,Cambodia,025-034-450,"+63 (944) 679-5374","Carter Ltd",http://batz.com/voluptas-tenetur-ratione-sed-delectus.html,"Transportation Attendant",green,2017-04-25,cleo.adams@yahoo.com,"j0Vts4)6D8u""]"
c374ab63-e826-36c2-ba45-5f28c5b238ea,Mrs.,Jessika,Koch,"31 Bernhard Knoll Apt. 503",Poblacion,Kabankalan,Siquijor,Iraq,834-092-839,"(0946) 753-1754","Williamson, Lehner and Gutkowski",http://www.hane.com/voluptas-repellat-velit-et-qui-ut-aut,"Skin Care Specialist",purple,2005-08-01,jamir99@okon.com,9$VFb!_
bd22b23c-986e-3d24-a649-6d990ab6a518,Dr.,Faustino,Schumm,"89A Emmerich Throughway Apt. 865",Poblacion,"El Salvador","Mountain Province",Guyana,064-555-000,"+63 (928) 693-9148","Jenkins Ltd",http://www.schamberger.org/et-est-placeat-sit-perspiciatis-aperiam-officiis,"Agricultural Worker",aqua,2009-04-24,elliott32@rempel.net,"TIDw6;{\T6j}."
1cbb34f1-df1a-37b1-81dc-aee2b81c88c4,Prof.,Hassie,Kertzmann,"17A Rempel Hill Suite 273",Poblacion,Bacolod,"Surigao del Norte",Seychelles,254-119-549,"+63 (948) 119-8736",Metz-Ondricka,http://kiehn.com/mollitia-ipsam-aut-quidem-blanditiis-sint-minus-dolor,"Compensation and Benefits Manager",purple,1984-12-24,etremblay@dickens.com,0edYQDi'hRE/HWSgGxl
60f26490-cf84-3f6e-8ea2-c86bedb7e4cf,Dr.,Jay,Pouros,"47A Kutch Loaf",Poblacion,Tandag,Marinduque,Lesotho,817-076-415,"+63 (989) 075-6785","Upton Inc",https://www.nitzsche.com/id-minima-consectetur-dolorem-atque-exercitationem-fugiat-quia,"Animal Breeder",gray,1985-10-31,cummings.angelita@hotmail.com,eCrB:X}%'>j6[pA[bM
39d691dd-61c2-3f5b-a065-d9108ee69d8c,Prof.,Leanna,McLaughlin,"39A Crooks Mission Apt. 994",Poblacion,Escalante,Cagayan,Barbados,220-587-958,"(0973) 330-5956","Nikolaus and Sons",http://www.weber.org/,"Credit Checkers Clerk",purple,2005-02-20,alejandra26@wyman.com,Ub`7>(XyT
36cc3896-b859-3afa-8bfe-8fa1800fa6d6,Miss,Nils,Weber,"02A Brekke Isle",Poblacion,Tayabas,Biliran,"Cote d'Ivoire",011-739-642,"+63 (949) 810-0140","Wuckert, Yost and Dietrich",http://www.keeling.com/,"Dental Hygienist",silver,1979-11-06,cecelia60@hills.com,&X%-=Wy4Bvsl0YWgue
ef9e1128-c4db-3e84-9b66-dde51121be72,Prof.,Grace,Ankunding,"43A/73 Emmerich Avenue Apt. 420",Poblacion,Mandaue,Pampanga,"Slovakia (Slovak Republic)",734-595-401,"+63 (921) 205-7780","Torp LLC",http://schaden.com/facere-aliquam-quam-quas-aperiam-laboriosam-earum.html,"Agricultural Sales Representative",lime,1983-10-10,dietrich.carolyn@keebler.com,Clz)jC$|S'R^4>
23aa0e22-0e98-3dce-8996-9d4f4b3d55a9,Mr.,Kendrick,Stoltenberg,"58A Luettgen Estate",Poblacion,Tabuk,Antique,Kuwait,634-675-004,"(0947) 593-6585","Weber, Osinski and Kuhlman",http://murray.com/,"Musical Instrument Tuner",black,2020-01-23,lgusikowski@yahoo.com,Fqm6n192>J3&A
6a051274-0100-3f79-8074-64813e4c9ab1,Prof.,Vanessa,Pfeffer,"49A Price Burgs Apt. 399",Poblacion,Samal,"Surigao del Norte","French Guiana",314-427-485,"+63 (919) 444-8291",Bergstrom-Mann,http://www.west.info/aspernatur-nobis-et-vel-facilis-sunt-consequatur-qui-ea,Counselor,gray,1992-09-13,constance40@dare.net,"7x;P@J;Z,rk20gJ"
946215c7-9ec3-3ba9-8d93-16c0dc14b9a3,Miss,Olaf,Boyle,"88 Lubowitz Expressway",Poblacion,Malaybalay,Basilan,Latvia,312-743-821,"(0905) 195-0493","Ortiz, Thiel and Howe",http://www.gerlach.info/quia-qui-possimus-aliquid,Rigger,teal,1978-05-22,kutch.colleen@wiza.net,=Ug<|]s
9a95a31c-d62d-3b16-b0b0-eafd50e680ba,Mr.,Audie,Muller,"32A Runte Radial Suite 122",Poblacion,"Cavite City","Nueva Ecija","Brunei Darussalam",716-740-084,"(0925) 431-9336","Collins PLC",http://www.welch.org/sapiente-incidunt-et-adipisci-pariatur,"Mechanical Inspector",gray,1979-02-15,brett22@yahoo.com,kYvUZ&-W%+z@qUC#QR
54b9e2a5-df74-3c2a-9fac-a035c053b471,Dr.,Kaylee,Blick,"22A Collins Causeway",Poblacion,Talisay,"South Cotabato",Chad,710-978-532,"+63 (989) 761-1516","Cremin LLC",http://swift.com/id-id-qui-aut-aperiam-nihil-qui,"Insurance Underwriter",navy,2008-09-02,gregory.dickens@schmidt.com,_j(`2`=*__E_G|%EaA
ac607c29-7378-3e31-83e2-6564b4138d24,Dr.,Ismael,Kunze,"84A/21 Howell Mountains Apt. 924",Poblacion,Butuan,Sarangani,"Antarctica (the territory South of 60 deg S)",773-325-042,"(0994) 546-2042","Green, Wisozk and Legros",http://www.gaylord.com/,"Power Plant Operator",teal,2022-04-06,wilber83@mosciski.info,"5p?l/""mn{,unrDn"
98f6a833-86a0-3e1c-adac-9ebf05c82947,Ms.,Lurline,Keeling,"48A Klocko Haven Suite 908",Poblacion,"Cebu City",Abra,Portugal,970-042-939,"+63 (932) 246-1040","Hartmann LLC",https://howell.com/tempora-rem-beatae-eos-et-culpa.html,"Gaming Manager",green,1992-03-26,lenny09@nikolaus.com,/jef{By@|j{7XzZQu
db21c5f8-6665-344f-a1ca-589e1278a40f,Dr.,Heloise,Dach,"65A Wilkinson Path",Poblacion,Pasay,"Nueva Vizcaya",Switzerland,598-929-563,"(0977) 692-0220","O'Kon Group",http://www.mante.com/quasi-dolore-inventore-qui-voluptatibus,"Artillery Crew Member",yellow,2006-06-02,margarette50@dibbert.net,l>dLLBqtM=U/[=c1ls
20bd146c-cda1-3432-8cc9-9767d4f45985,Prof.,Clementina,Dooley,"21/89 Reichel Oval",Poblacion,Malaybalay,"Zamboanga del Sur",Paraguay,857-416-342,"(0996) 489-4912","Hintz, Effertz and Crooks",http://www.windler.com/,Stonemason,maroon,1983-03-31,hulda89@yahoo.com,7]n]+J?-'k
e52455c9-101e-35fd-b4e5-538db1ef5f05,Mrs.,Saige,Mohr,"85 Weissnat Expressway Suite 469",Poblacion,Samal,"Camarines Norte",Bolivia,719-611-582,"(0926) 028-2150","Orn, Kerluke and Buckridge",http://metz.info/,"Machine Tool Operator",lime,2004-11-08,shemar.funk@gaylord.com,"1u>&fSble,;:"
a0924bb9-0730-32be-b899-2d7005285829,Dr.,Abe,Sawayn,"18/42 Wiza Valleys",Poblacion,Vigan,Samar,"Antarctica (the territory South of 60 deg S)",020-483-468,"(0998) 649-1318","Bogan LLC",http://www.wiegand.com/cumque-officiis-sequi-aut-rem-quia-suscipit,"Mechanical Engineer",silver,2014-11-29,balistreri.ora@murphy.info,"99R;+qRs-PH~,pi{"
f2eaacf3-f426-3647-9450-c67c3f01a5a1,Mrs.,Katelin,Hane,"64A/35 Emard Falls",Poblacion,Escalante,Tarlac,"Puerto Rico",135-765-068,"+63 (922) 702-6037","Huel, Sipes and Robel",http://www.halvorson.net/consequuntur-facilis-exercitationem-ipsam-voluptatibus-perferendis-optio,"Customer Service Representative",olive,2013-09-20,mertie38@hotmail.com,IN-;!#p
1f027a12-c024-3783-8105-89728fa2a018,Mr.,Marguerite,Halvorson,"84A Kessler Skyway Suite 063",Poblacion,Malolos,Bukidnon,"Sri Lanka",597-800-488,"+63 (996) 599-3289","Brekke and Sons",https://www.sawayn.biz/unde-omnis-est-consequatur-cum-sit-in,"Set and Exhibit Designer",yellow,1975-07-22,florian70@rempel.biz,6Nec:]@G
9f250e74-201d-3ec3-88af-c1c195ce193e,Mrs.,Ashtyn,VonRueden,"94/22 Satterfield Summit Suite 126",Poblacion,Tayabas,Sorsogon,Mauritania,931-576-582,"(0925) 334-6200",Mann-Kovacek,http://kuvalis.biz/dolorem-velit-eum-et,"Radio Mechanic",black,2012-04-20,haag.giovanny@yahoo.com,>K&#=au5jeKCSu=)'
d64af3a5-88b9-33bc-b194-ca1cc783ae76,Dr.,Marty,Kling,"62A/87 Haley Brook Apt. 488",Poblacion,Ilagan,Sarangani,"South Africa",242-104-555,"(0989) 167-4054","Schimmel, Wyman and Flatley",https://heller.com/quia-temporibus-velit-autem-magni-ut-doloribus-est.html,Movers,olive,1984-05-13,donnelly.jude@hotmail.com,"h'yJA|%~w[,yA,.2^H"
23820fe9-9372-38f3-b3ca-4ec125835700,Mrs.,Kendra,Wintheiser,"53A Dickinson Place",Poblacion,Danao,Basilan,"Bouvet Island (Bouvetoya)",023-094-639,"(0927) 789-4574",Bradtke-Farrell,http://www.kozey.com/,"Nursery Worker",purple,2004-09-12,waelchi.justice@yahoo.com,"\ulU.q))7!5s"
4cbc6e74-b0c6-3c5e-bcac-9a939dcc82d2,Miss,Joel,Medhurst,"33/96 Hilpert Gateway",Poblacion,"El Salvador",Bohol,Gambia,085-991-358,"(0996) 173-9716",Funk-Vandervort,http://www.sawayn.com/quod-quia-architecto-vero-dignissimos-saepe.html,"Camera Repairer",silver,1978-07-15,garett10@hotmail.com,0`d0[A!4
0fc9b297-0f59-3a7f-92b5-d582126e0bc5,Ms.,Herminio,Mills,"54 Ernser Wells",Poblacion,Danao,Apayao,"Marshall Islands",242-285-870,"(0915) 726-7090",Bayer-Senger,http://www.mohr.com/sed-exercitationem-labore-quaerat-eum-est-ea,"Freight Agent",yellow,2006-08-18,sienna.bergstrom@murray.org,>A<tm(fByLc9N^
2f60ac08-7d08-3719-b13a-be0ee4518a0a,Dr.,Barry,Adams,"80 Rau Summit Suite 498",Poblacion,"Sorsogon City",Camiguin,Macao,047-346-598,"(0905) 068-0343",Botsford-Corwin,http://champlin.net/doloribus-autem-molestiae-aspernatur-assumenda.html,"Project Manager",navy,2008-03-09,mante.lisandro@schultz.org,F/R-W+[)Du
511ccdd9-a198-3f31-823a-045f6dd7b151,Mrs.,Arnold,Welch,"15/43 Breitenberg Burg Apt. 054",Poblacion,Naga,Marinduque,"Northern Mariana Islands",617-689-493,"(0940) 095-9980","Ortiz, Kutch and Bogisich",http://www.shields.info/quidem-et-dolores-dignissimos-quidem,Cabinetmaker,lime,2012-02-17,nwiza@fisher.org,LN^I|cCp>y@m%;
f59b0915-80fc-3b79-8239-c677ee6042e8,Mrs.,Lenna,Trantow,"34 Mitchell Street Apt. 316",Poblacion,Naga,"Davao del Sur","Holy See (Vatican City State)",833-158-271,"+63 (917) 814-8806","Koelpin PLC",http://www.walter.biz/praesentium-ratione-consequatur-tempora-nulla-qui.html,"Education Teacher",silver,1991-07-12,walker.catherine@yahoo.com,e[<|V@7g4P
33046d02-1b66-3d70-a4cc-ffa7dbd0e1f5,Mr.,Barbara,Walter,"14A Schowalter Point",Poblacion,Koronadal,"Davao del Sur","Saint Martin",599-284-093,"(0909) 652-4291","Yost, Schimmel and Sporer",http://sanford.biz/dignissimos-qui-quia-quod-laudantium,"Real Estate Appraiser",lime,1974-05-08,johns.oleta@kessler.com,5o]!WH`};BovD
ed650073-bb3c-30b9-aaf6-9eac85e1d436,Ms.,Brent,Wyman,"45/23 Lemke Oval",Poblacion,Bayawan,Masbate,Iran,503-447-335,"(0974) 790-0301",Boyer-Homenick,http://www.schneider.com/harum-non-tempora-qui-cupiditate.html,"Speech-Language Pathologist",black,1972-04-27,bonita56@runolfsdottir.com,Ptkf7[:7
dd833ad9-c891-3784-acf9-d3d45ff5bfd1,Dr.,Giovanni,Aufderhar,"53A Dietrich Ramp Suite 518",Poblacion,Silay,"Ilocos Norte",Jordan,459-717-806,"(0929) 665-4708","Von, Bode and Nolan",https://armstrong.biz/suscipit-beatae-aut-ut-repellendus-et-omnis-deserunt.html,"Creative Writer",lime,2016-08-24,kaylin27@larson.biz,?yN?Mn.SW
25a2cae4-8056-3295-98e0-4717ffd87948,Mr.,Emmet,Purdy,"22 Miller Parkway",Poblacion,Toledo,Rizal,Korea,605-458-677,"+63 (942) 669-4409",Wisozk-Cruickshank,http://schamberger.biz/ab-fuga-ut-ipsum-itaque-et-consequatur-nesciunt.html,"Brattice Builder",fuchsia,2021-12-05,ygutmann@hotmail.com,rIT3kR)||O;>A2`
12ae99cb-f60b-3a36-90b8-8050bc9168bb,Mrs.,Nico,Renner,"27A Grady Drives Apt. 292",Poblacion,Meycauayan,Maguindanao,"Brunei Darussalam",461-941-126,"+63 (908) 097-3657",D'Amore-O'Conner,http://wyman.com/aut-omnis-omnis-a-omnis-ullam-alias-facilis,Clergy,olive,1989-04-28,fnicolas@gmail.com,_gYtFb9-
a7b0f88a-6ac7-300c-939b-e5576bcfb764,Dr.,Hollis,Breitenberg,"69 Gislason Islands Apt. 967",Poblacion,Tacloban,Kalinga,Oman,381-065-576,"+63 (927) 394-5225",Lueilwitz-Sporer,http://murazik.com/,"Set Designer",white,1971-07-22,chadrick.wintheiser@gmail.com,"JQ6\5yn]_70"
11a596a0-b090-3b15-a218-e0b0e025084f,Prof.,Jaquan,Klein,"16A/77 Friesen Crossing Suite 559",Poblacion,"La Carlota","Agusan del Sur","New Caledonia",820-779-288,"+63 (921) 727-6395","Jones LLC",http://will.com/animi-ad-minima-eius-aut,"Shoe Machine Operators",lime,2016-11-15,vratke@gmail.com,%IWM$l|;JJxS!
36212c78-0d42-32e3-a89a-21d6ff793c9f,Prof.,Connie,Bogan,"33/85 Runolfsdottir Port Apt. 910",Poblacion,Sipalay,Catanduanes,"South Georgia and the South Sandwich Islands",826-895-419,"(0905) 211-3914",Jerde-Flatley,http://www.smith.com/saepe-et-quo-ducimus-et-et-assumenda.html,"Railroad Yard Worker",gray,2023-10-02,grant.eldon@wolf.info,"=""cz|Hh"
a4df02c0-ab39-3ece-b407-c72007b6508a,Prof.,Erik,Walker,"83/13 Schulist Cove",Poblacion,Imus,Cotabato,Uruguay,966-526-014,"+63 (918) 563-5691","Larson Ltd",http://www.bahringer.com/ea-pariatur-maxime-praesentium-maxime-maxime,"Fire Investigator",maroon,2005-09-30,wlegros@gmail.com,aoRDQlzk6++)5SR@
ebb109ab-6d7f-3225-a5aa-82d600e7fce5,Mr.,Isaac,Turcotte,"81A/53 Morar Mountain Apt. 341",Poblacion,"Quezon City","South Cotabato",Nigeria,951-897-091,"+63 (929) 097-9826",Adams-Roberts,http://leffler.com/et-consequuntur-doloremque-quas-repudiandae-dolor-omnis,"Correspondence Clerk",navy,1979-06-14,nona.schowalter@wiza.org,aQq<14iC]C`P~Fe9nkn
c59c71cc-bbd9-34ec-bdbc-4492b05ca76f,Prof.,Molly,Jones,"33A/23 Collins Island",Poblacion,Marawi,Laguna,Croatia,944-375-959,"+63 (813) 493-1027","Torp, Casper and Johnson",http://www.heidenreich.org/,"Aircraft Engine Specialist",silver,2018-04-17,milo.daniel@yahoo.com,<f6LJ^EWY'OM%%)D:l
5d146209-99f8-3f47-986c-3dc45a08adff,Mr.,Hilda,Haley,"28A/12 Harris Rest Suite 100",Poblacion,Sipalay,Laguna,Oman,715-112-664,"(0931) 585-6358",Cole-Spinka,http://www.nienow.info/ab-repellat-soluta-aperiam-aut-culpa,"Interaction Designer",navy,1995-05-12,bernice52@anderson.net,"F/6zw8,xy=WW"
fc4cdcf5-c2c9-34b8-af72-b26100cd1082,Miss,Rubie,Runte,"42 Schulist Throughway Apt. 875",Poblacion,Koronadal,"Nueva Ecija",Cuba,793-362-580,"+63 (974) 527-9436",Kerluke-McCullough,http://jenkins.biz/et-fugit-dolores-aut-amet.html,"Keyboard Instrument Repairer and Tuner",silver,1991-11-23,pcartwright@gmail.com,/!AtcW
5e363088-7b68-39f4-907c-c4034969f112,Mr.,Vada,Kuhic,"43/14 Raynor Groves",Poblacion,Cabadbaran,Pangasinan,"Marshall Islands",004-623-468,"+63 (947) 624-5985",Terry-Pagac,http://bashirian.org/omnis-aspernatur-voluptas-enim-sapiente-amet-sint-delectus,Orthodontist,silver,2007-04-24,rwalter@simonis.biz,|iipkj3r2l~iv>HPR4
3605ca4d-be85-399c-be26-4e7088129666,Mrs.,Angel,Emmerich,"73A Raynor Club Suite 177",Poblacion,"El Salvador",Palawan,China,598-244-763,"+63 (929) 976-5806","Haag and Sons",http://www.von.com/illo-odio-totam-rerum-id-nihil-nihil,"Substance Abuse Counselor",green,2000-10-07,barton.carolanne@yahoo.com,"KA\SQK~PTkXzqQ[qQ:9"
982b78ca-3eee-340c-8a53-4d212a490f68,Dr.,Kitty,Senger,"55A Reichel Meadow Apt. 284",Poblacion,Mati,Kalinga,Slovenia,536-595-875,"(0920) 038-0997","Konopelski and Sons",http://bergnaum.org/doloremque-tempore-ipsam-repudiandae-maiores-aut-provident-qui,Engineer,lime,1991-08-09,zakary.littel@gmail.com,N<^5v~n8h}H[C0
b0d5e7d6-6d18-322b-866e-582867cd7b15,Miss,Raymond,Hoeger,"34 Donnelly Ways Suite 415",Poblacion,Caloocan,"South Cotabato",Rwanda,248-999-228,"+63 (927) 186-2864","Schultz and Sons",https://www.watsica.com/maxime-et-vero-nesciunt-perferendis-corporis-velit-et,"Online Marketing Analyst",white,1973-09-15,dframi@yahoo.com,mZf:V#Vmrap@/bK
7f4bd164-1986-3702-bfd0-1700572fb2a3,Mrs.,Zoe,Keebler,"34/95 Konopelski Tunnel Apt. 146",Poblacion,Tacurong,Leyte,Croatia,258-804-022,"(0908) 636-2908",Treutel-Robel,https://robel.biz/odit-dolorum-iure-ullam.html,"Mental Health Counselor",purple,1983-05-20,lynch.ella@gmail.com,"8Ok2;:.A^:'Ah+)R^ID\"
7722eabd-fa48-3892-b363-988dbbcdd3ef,Dr.,Zoie,Bayer,"28A/87 Reichert Lock Suite 873",Poblacion,Tagbilaran,Rizal,Austria,754-039-899,"+63 (939) 639-3926","Lind, Romaguera and Pagac",https://www.marquardt.com/est-qui-commodi-enim,Paperhanger,teal,1973-02-20,flossie.hessel@runolfsson.com,hL^1[v
bf72d6d8-c180-3ee0-9eb3-cea6560f0cff,Prof.,Jaren,Pagac,"05A/98 Reynolds Alley Suite 173",Poblacion,Valencia,"Misamis Occidental",Mozambique,861-748-368,"(0915) 043-6631",Hermiston-Gislason,http://larson.com/nobis-consectetur-voluptatem-ut-vitae,"Jewelry Model OR Mold Makers",gray,1970-02-09,weston.hills@hotmail.com,kS6:g*6Gvc$@7y
97ebc5c2-73b5-3b9f-8302-9bb77e0c1572,Prof.,Ervin,Dickinson,"21A Mayer Via",Poblacion,Bayugan,"Surigao del Norte",Nepal,191-830-358,"(0939) 723-0906","Gerhold Ltd",http://rowe.com/quisquam-impedit-officiis-rerum-harum-sunt,Judge,gray,1982-01-06,dach.webster@yahoo.com,?bvC9mQ17Fo>b;
a55ae17a-7735-3b97-83c7-625d05bed56b,Ms.,Olin,Yost,"80A West Burg",Poblacion,Canlaon,Marinduque,"Cook Islands",655-194-414,"+63 (933) 183-7738",Ratke-Wiegand,http://www.doyle.com/accusantium-ex-itaque-magnam-ut,"Loan Interviewer",purple,2017-04-21,conrad25@gmail.com,:jI>b$bI1+_4^JzSLy
d5f39b7c-a0ef-399d-aca5-79bbaf2d6a31,Dr.,Kim,Stehr,"64 Fisher Pines",Poblacion,Danao,Isabela,Guam,376-728-933,"(0900) 486-5002",King-Grant,http://halvorson.net/facere-voluptas-quod-laboriosam,"Meat Packer",blue,2024-01-29,dagmar.cruickshank@hotmail.com,&FrJ}`n*/$S4(LxDoZ]
d9567ff1-1871-3ea5-9371-1cc05ee8706c,Mr.,Jonathan,Luettgen,"54A/74 Murray Circles",Poblacion,"Sorsogon City","Mountain Province",Ethiopia,628-406-790,"(0911) 133-8870","Cronin, Connelly and Terry",https://adams.com/ullam-dolorum-sit-voluptatibus-odit.html,"Ambulance Driver",olive,2011-05-10,greyson.leffler@hotmail.com,f*lVr_DM9*
7ecf7b3f-2ade-3548-94a5-58140741f847,Prof.,Lemuel,Prosacco,"17 Gerhold Inlet",Poblacion,Mandaue,Cotabato,"Cayman Islands",245-753-634,"(0905) 611-5393","Feeney, Wilderman and Welch",http://www.osinski.com/optio-voluptas-in-nesciunt-fugit,Spotters,maroon,1982-07-31,carmen.mclaughlin@hotmail.com,lXgUvr]C)5/ot=wPSL
57dc7806-1046-35c0-a79d-f901a53a894f,Prof.,America,Green,"37A Braun Highway Apt. 842",Poblacion,Mandaluyong,"Eastern Samar",Philippines,508-182-210,"+63 (906) 206-2971",Weimann-Heidenreich,http://www.stracke.com/qui-eos-consequatur-aut-tempora-nobis-vel-temporibus,"Motorboat Operator",yellow,1986-01-02,denesik.lucas@leuschke.com,mVP4:.hjeZ
647e127d-54d0-3de9-a06d-5d60a5923b93,Mrs.,Delaney,Doyle,"25/96 Erdman Alley",Poblacion,"Cebu City","Lanao del Sur","Saint Barthelemy",104-419-170,"+63 (977) 575-3241",Barrows-Swift,http://mueller.com/in-voluptates-quasi-ut-doloribus-consectetur-provident.html,"Security Systems Installer OR Fire Alarm Systems Installer",green,1994-03-14,cparisian@will.com,eTQ%9-k5
a553be46-3190-3f21-b922-14ac622f17c9,Mr.,Jacquelyn,Leuschke,"42A Predovic Radial Apt. 957",Poblacion,Urdaneta,Tawi-Tawi,Vietnam,483-111-033,"(0813) 765-5761","Hagenes, Boyle and Brown",http://www.nolan.com/non-sit-qui-molestias-odit-voluptatem,Woodworker,maroon,2003-01-25,ellen42@rutherford.com,SM&jzm
32767eb7-b935-3d32-9242-475276d77c00,Mrs.,Eryn,Zieme,"13/77 Abshire Vista Apt. 180",Poblacion,Malaybalay,"Zamboanga del Sur",Martinique,928-938-032,"+63 (936) 190-6992","O'Kon, Spencer and Hirthe",http://beatty.biz/voluptas-officiis-esse-commodi-perferendis.html,"Information Systems Manager",maroon,2023-08-07,antonina03@hilpert.com,LqX:KLK9IKA|f6|O
50bab9f1-4a8a-3906-982d-00af1b86584a,Dr.,Isobel,Rogahn,"58/79 Glover Forges Suite 328",Poblacion,Passi,Batangas,Moldova,718-368-625,"+63 (937) 304-4772","Weissnat Ltd",http://www.nicolas.com/eius-possimus-est-eligendi-tempora-ut-cum,"Electronic Equipment Assembler",gray,1979-07-23,bgraham@yahoo.com,"O0\`XJ"
bb473871-8bd9-3166-b29f-80482894a2cc,Dr.,Kamryn,Fahey,"09A/10 McCullough Mission",Poblacion,Tandag,Pangasinan,Uganda,932-792-076,"+63 (934) 503-4636","Kuhlman LLC",http://www.dietrich.com/neque-sed-placeat-omnis-fuga,"Agricultural Sciences Teacher",blue,2004-05-14,little.pat@hotmail.com,WEuDwiH+=c
e4cbb406-da9b-3a35-9c41-0f4faeabe25e,Mrs.,Rozella,Larson,"74A Feil Causeway Apt. 664",Poblacion,Carcar,"Misamis Oriental",Niger,409-536-185,"(0947) 155-5420",Balistreri-O'Connell,http://glover.com/perferendis-quam-modi-officia-voluptatem-tempore,"Refractory Materials Repairer",aqua,2016-03-18,kassulke.kitty@yahoo.com,"%f""~W*UKwl"
26480a75-fc59-344d-be4a-50f9be0acaa6,Mr.,Jazmyn,Gulgowski,"77 Turcotte Highway",Poblacion,Talisay,Masbate,Indonesia,981-599-202,"+63 (999) 755-7765","Cartwright, Blick and Kemmer",http://www.haley.com/expedita-consequatur-cumque-ducimus-molestiae-placeat.html,"Industrial-Organizational Psychologist",fuchsia,2018-01-30,annabell.dubuque@wehner.org,",""]WiO"
ec3f490c-6ea5-35bf-b2ab-3418ce9511bd,Mr.,Juliet,Boyle,"56 Bartell Cliff",Poblacion,"Iloilo City","Dinagat Islands","Sao Tome and Principe",573-552-059,"+63 (998) 003-9498",Paucek-Wilderman,http://www.goldner.net/,"Executive Secretary",fuchsia,1989-09-01,marina27@schultz.com,"lPId)Qmjbk-"""
2ed220ab-fb03-37d2-9065-c44d027981b4,Prof.,Delores,Carter,"03A/01 Rogahn Mountain Apt. 521",Poblacion,"Puerto Princesa","Camarines Sur",Eritrea,455-378-308,"+63 (998) 609-6498",Ortiz-Becker,http://www.schaefer.com/nihil-quibusdam-aspernatur-odio-voluptates,"HR Specialist",gray,2020-12-29,gwen46@feeney.com,E3nQjzb1f2R<Z=sN
e7eddf38-df07-3bdb-829e-efd42e2b22d6,Mr.,Cassidy,Breitenberg,"82 Watsica Crossroad",Poblacion,"Zamboanga City","Mountain Province","Turks and Caicos Islands",853-746-126,"+63 (922) 126-8642","Hill Group",https://hoppe.com/ducimus-dolorem-est-voluptas-voluptatum-sequi.html,"Signal Repairer OR Track Switch Repairer",black,1997-04-06,xblock@mills.info,"#(""Us4sj%"
53805460-6b7d-391e-aec2-b4694e950b9f,Prof.,Sabrina,Mann,"89A Kuphal Meadows Suite 769",Poblacion,Dumaguete,"Davao del Sur",Haiti,856-070-834,"(0922) 707-9234","Thiel, Marks and Kassulke",http://grant.org/corrupti-numquam-nemo-suscipit-ut,"Court Clerk",green,2010-11-07,iwyman@yahoo.com,",k8-7O"
f562b45b-7bd4-375b-86ea-409d525071b0,Prof.,Alessia,DuBuque,"47 Russel View Apt. 359",Poblacion,"Zamboanga City","Dinagat Islands",Rwanda,226-389-571,"(0908) 815-2800","Daugherty, McClure and Stark",http://bechtelar.net/,"Word Processors and Typist",olive,1973-09-25,maude.hahn@yahoo.com,wz1'Ec0z(
803d27e3-f3cb-3c72-a151-d2a6f9a980ce,Mr.,Margaret,Pagac,"62 Dibbert Field",Poblacion,"Santa Rosa","Lanao del Norte",Guernsey,900-287-999,"(0922) 838-0981","Corkery Group",http://www.koss.com/sed-tempore-sed-doloremque-voluptate-hic-molestiae,"Pump Operators",aqua,2018-06-13,anika.rippin@gmail.com,%Tp.w-GL{9X
e70d094f-c8df-3042-bdf6-b33f95d14e59,Dr.,Tate,D'Amore,"99 Hackett Junctions",Poblacion,Tagaytay,Cavite,Tonga,588-133-323,"(0999) 579-5187","Dare, Lubowitz and Skiles",http://schamberger.com/,"Telecommunications Equipment Installer",silver,2007-05-22,ibaumbach@jones.org,YYlAMLf'
2d593b14-d8e7-3728-bacf-d59860c1be6b,Prof.,Lilly,Senger,"64/12 Stiedemann Extension",Poblacion,"Iloilo City",Samar,Nicaragua,229-073-463,"(0937) 113-8218",King-Bednar,https://schuster.info/repudiandae-repellendus-et-non-qui-cupiditate-sit.html,"Engineering Manager",purple,1976-10-30,hodkiewicz.hazle@hotmail.com,[u.#pCgd$Pu]3Ln;KL/
5da5a9d6-fbdf-3386-8392-17857f0f848d,Ms.,Ernestine,Kessler,"14A/16 Schulist Shoals Apt. 377",Poblacion,Tangub,"Misamis Oriental",Ghana,958-176-330,"+63 (975) 634-0008","Leuschke PLC",https://schuster.org/doloremque-et-rerum-id-et-saepe-blanditiis.html,"Director Religious Activities",white,2012-02-27,eadams@raynor.com,"1+y~""9VP7"
27e57c7a-4903-3b2f-a45d-271a0a8a18e8,Dr.,Modesta,Heaney,"80A/15 Hills Flat Apt. 796",Poblacion,Pasay,Sarangani,Iceland,969-185-902,"+63 (947) 302-9817",Conn-Orn,http://hermiston.com/,"Human Resource Manager",fuchsia,2008-03-23,merlin.dare@terry.org,EAmUd_LMc7kcLd|
5cc0d21d-a01f-3e64-88fa-3e68db71e1c4,Ms.,Shyann,Nikolaus,"63/60 Herman Locks Suite 226",Poblacion,"San Jose","Dinagat Islands","Christmas Island",139-475-338,"(0929) 679-3467","Blanda and Sons",http://www.kulas.com/,"Motorboat Mechanic",green,2004-07-21,bonnie45@yahoo.com,"4UC)U\-uI="
b36851e8-7fca-3876-93f9-eb3347481846,Dr.,Kyla,Ullrich,"62A Klocko Highway",Poblacion,Calamba,"Lanao del Norte",Macao,361-437-418,"(0943) 154-3005",Kemmer-Muller,https://www.greenholt.info/fugiat-sunt-ea-ut-provident,"Mathematical Science Teacher",maroon,1983-04-06,brisa92@hotmail.com,H@>|W<en7@v~hDE
46fed74b-6f7e-3149-87a6-1106f6dcbddb,Ms.,Ardella,Zboncak,"86A Gislason Rest Apt. 645",Poblacion,"Santa Rosa",Cebu,Mozambique,343-393-419,"(0917) 322-2375","Yost PLC",https://vandervort.info/consectetur-ut-repellat-pariatur-quis-nisi-id.html,"Bulldozer Operator",navy,1997-03-08,gertrude.streich@cremin.com,-|~%nf
21f30a37-d2f3-3b65-9a90-a2360a92d147,Prof.,Gerda,Sipes,"20A Ryan Court Apt. 465",Poblacion,Gapan,Tawi-Tawi,Australia,103-970-278,"(0996) 534-5873",Wyman-Lowe,http://www.parisian.com/rerum-commodi-quibusdam-delectus-et-aut-unde-consequatur,"Communications Teacher",yellow,2009-06-21,wzemlak@hotmail.com,"3)h#o""DS-Wzwh|9#"
b12e3549-d419-39e4-86d2-35ca7a6b4493,Dr.,Keyshawn,Kling,"30 Beatty Gateway Suite 907",Poblacion,Kidapawan,Cotabato,Gibraltar,842-146-512,"+63 (928) 189-7415","O'Hara, Klocko and Cummings",http://www.schmitt.net/,"Food Science Technician",silver,2002-09-08,nrunolfsson@yahoo.com,U$Lzxu
3614a06d-e1f0-3c85-a0c1-c3380a4045a7,Mrs.,Georgianna,Hane,"13A/63 Bogisich Estate Suite 385",Poblacion,Palayan,"Zamboanga Sibugay",India,021-581-094,"(0971) 220-1974","Fadel, Murazik and Stroman",http://www.beer.com/fugit-qui-atque-est-sed-eligendi-doloribus-minus.html,"Medical Equipment Repairer",gray,2010-09-19,schamberger.frances@yahoo.com,`fl{E:
18f7bdc7-8c4f-3973-a6ed-87148067dad2,Prof.,Joseph,Harvey,"65A/37 Hackett Course Apt. 833",Poblacion,Baybay,Cebu,Gambia,037-065-933,"(0909) 180-5443","Swaniawski, Zboncak and Dooley",http://boyle.com/praesentium-officiis-dolores-magni-maxime-facilis-autem,Cook,blue,1985-08-09,cruickshank.alia@kautzer.com,e~FQYPk>
cc12d3b3-8273-3b60-8654-7542aa4a8a48,Dr.,Amanda,Wyman,"34 Keeling Route Suite 510",Poblacion,"Tarlac City",Apayao,Cyprus,159-297-816,"+63 (911) 102-5059","Daugherty Ltd",https://feeney.biz/tempore-eum-nostrum-quidem-a-eos-fugiat.html,"Municipal Fire Fighting Supervisor",white,1977-07-13,rath.lamont@gmail.com,q[<dd=A&>r]VJhgMA
2ea4f3d3-6e5f-3347-b175-ac8411c1d7b3,Ms.,Paige,Prosacco,"52 Legros Rue Apt. 576",Poblacion,"San Jose del Monte","Camarines Norte",Bolivia,190-575-663,"(0927) 938-1320","Muller Group",http://www.bruen.com/fugiat-minus-vitae-ea-laborum-quidem-delectus-sint-dolorem.html,"Forensic Science Technician",aqua,2003-05-31,rosalind.reichel@kutch.net,RK?OqA
c81f6c1b-a8b6-3c20-842d-d2a42539c027,Mrs.,Dessie,Kertzmann,"76 Gerlach Mountains",Poblacion,Bislig,Bataan,Ghana,799-256-146,"+63 (813) 524-9833",Anderson-VonRueden,http://www.schowalter.com/tempora-repudiandae-similique-voluptatem,Heaters,teal,1972-07-14,bauch.rahsaan@hotmail.com,"m*}R:W^k,(0"
888fa938-8e12-3f68-b09a-e96a8f5bbd89,Mrs.,Jamie,Legros,"94/57 Toy Bypass",Poblacion,"San Carlos","Misamis Occidental","Turks and Caicos Islands",232-714-590,"+63 (911) 673-5234",Kohler-Price,http://www.mckenzie.org/,"Supervisor Correctional Officer",silver,1996-07-15,carroll.chyna@hotmail.com,/*qFxkbVZ5v+
209f9675-a4ec-35fa-b4fb-0fb4b9beca3d,Prof.,Emil,Pacocha,"96/19 Hilpert Plains Suite 902",Poblacion,Cabadbaran,Cotabato,Kiribati,102-876-310,"(0996) 831-7393","Will, Upton and Gerhold",http://www.eichmann.com/quia-mollitia-quaerat-vel.html,"Urban Planner",purple,1987-02-17,gustave.stanton@gmail.com,(I{/W^|!hK%Wyp%4E
0d310d24-f91d-3e14-93f3-b7d4282bcf40,Prof.,Adrian,Champlin,"24A/48 O'Kon Turnpike",Poblacion,Tangub,"Oriental Mindoro",Ireland,499-011-521,"(0932) 299-8012","Schneider, Marquardt and McGlynn",http://kris.org/,Solderer,olive,1972-07-05,alarkin@ratke.com,(669<ou-
3389f0c2-4509-331a-b4f3-249834236630,Mr.,Johanna,Willms,"21 Nitzsche Haven Suite 314",Poblacion,Lucena,Catanduanes,Ghana,069-324-983,"(0911) 184-3072",Boehm-Gaylord,https://hyatt.com/repudiandae-culpa-maiores-ipsa-similique-consequatur-saepe-dolor-tenetur.html,Welder,black,2019-01-17,kshlerin.amelie@fisher.com,w?LP/~)tcjeLU
2a9f31f3-2c81-3c8f-91c0-33e262233639,Dr.,Deanna,Ritchie,"86A/74 Stehr Oval Suite 746",Poblacion,Lipa,Basilan,"New Zealand",161-024-698,"+63 (932) 057-6964","Hoppe, Fisher and Hilpert",http://pfannerstill.biz/excepturi-alias-nulla-maiores-quis-excepturi-vitae,Logistician,black,1990-06-01,georgiana.hamill@gmail.com,"at5""I_}yL"
291143d8-5831-3c19-a070-3098c28108cd,Dr.,Cody,Gislason,"98 Klein Parks",Poblacion,Calapan,Cebu,"New Zealand",246-494-801,"+63 (915) 028-1729",Weimann-Gislason,http://gusikowski.com/esse-dolores-harum-harum-vel-sunt-non-pariatur.html,"Construction Carpenter",white,2010-09-24,madelyn.flatley@fritsch.com,"^5O9#\!%"
7de8aada-399b-3b9b-933c-004224b3e1df,Prof.,Lina,Senger,"16/60 Dickinson Glen",Poblacion,Valencia,"Agusan del Norte",Nauru,922-795-660,"+63 (996) 870-1442","Wintheiser, Sipes and Howell",http://damore.com/ipsum-maiores-odit-perspiciatis-provident-libero.html,"Mechanical Equipment Sales Representative",blue,1971-11-24,fmcclure@hotmail.com,m/ib[i~TpU
67a2b4af-0f47-3041-8f3d-4bcdfd40f4d3,Dr.,Carlotta,Terry,"83A Goodwin Lights",Poblacion,"Zamboanga City",Tarlac,Estonia,180-990-811,"(0906) 454-2994","Gusikowski LLC",http://harber.info/modi-ducimus-quisquam-aut-alias-autem-blanditiis-totam,"Chemical Plant Operator",white,1982-06-20,quitzon.verla@hotmail.com,.q5U=mPGw?j-cBUwT]8D
a90ecf43-96ab-36cf-b504-522e6b8da587,Miss,Chris,Cartwright,"96A/54 Deckow Camp",Poblacion,"Quezon City",Abra,"Brunei Darussalam",972-484-185,"+63 (921) 072-9809","Zulauf Group",http://www.eichmann.com/quasi-quaerat-excepturi-ullam.html,Forester,teal,1998-08-21,breanne.fisher@yahoo.com,(JKK8)G9yZ$-R>
72f56106-d80b-3ac9-8931-ade92d8fd660,Dr.,Marco,Heathcote,"72 Walker Road",Poblacion,Borongan,Cavite,Malta,597-566-913,"+63 (909) 103-1041",Willms-Marks,https://runolfsdottir.com/impedit-quis-consectetur-quis-nisi-odit-numquam-neque.html,"Biological Science Teacher",navy,2006-11-19,cleo95@yahoo.com,"=qz'*J1~\v.bMm@E9p"
482d3828-3c1a-330c-95b7-dd99385a71bf,Mr.,Jasmin,Hudson,"40/48 Boyer Walk Apt. 585",Poblacion,"Tarlac City",Bulacan,"British Virgin Islands",121-407-540,"+63 (999) 579-6898",Upton-Bartoletti,https://www.kiehn.com/in-sit-velit-aperiam-facilis-quia,"Entertainer and Performer",purple,1985-04-12,shields.lukas@yahoo.com,T8;$s$cGpwJugd
8e4e35bb-d713-34e7-97f7-1c179ff438a3,Prof.,Karen,Hyatt,"62A/92 Reichert Knolls Apt. 847",Poblacion,Bacolod,Bulacan,"Papua New Guinea",883-904-314,"+63 (922) 510-9611",Lebsack-Doyle,http://stanton.biz/autem-ut-odit-exercitationem-doloremque-error-laboriosam,"Board Of Directors",navy,1984-09-17,loyal28@gmail.com,"t@L^(l5|4,m=s5"
ca918c5f-58ab-3573-9480-a4d9264747ef,Prof.,Anika,Ritchie,"16A/21 Rutherford Extensions",Poblacion,Dumaguete,"Nueva Ecija",Belarus,169-554-849,"+63 (942) 567-0341",Langworth-Morissette,http://veum.info/laboriosam-iure-quos-similique,"Animal Scientist",green,2010-07-23,wtorphy@yahoo.com,VOoY~i3OJ37V:EizP
c69e53f6-5561-3709-87c3-4bdd2a74d150,Mr.,Ansley,Hodkiewicz,"99 Lehner Shoals Apt. 292",Poblacion,Danao,"Agusan del Sur",Myanmar,591-876-675,"+63 (919) 824-6427","Fadel, Prohaska and Shields",http://www.flatley.com/veritatis-laboriosam-neque-quis-qui,"Rail Yard Engineer",purple,2006-02-18,harris.jonathon@gmail.com,HxrJ|AHt{j
dad2ad0f-9e9d-3e61-9a94-dd4785ee7693,Prof.,Quinn,Bashirian,"11 Buckridge Loop",Poblacion,"San Pedro",Apayao,Montenegro,824-385-292,"(0947) 134-6489","Walker, Hilpert and Abbott",http://schultz.com/,"Forensic Investigator",aqua,1974-09-04,nschuppe@hotmail.com,}~w%'CphEO><
22736781-f326-3d35-b810-802e8e74de1c,Mr.,Bernard,Mayert,"37A Breitenberg Key Suite 479",Poblacion,Candon,"Ilocos Sur",Austria,863-803-850,"+63 (938) 406-5339","Trantow, Batz and Gutkowski",http://www.schaden.com/possimus-deserunt-cum-iure-magni-architecto-quo,"Stock Broker",fuchsia,1989-08-20,kub.lura@tremblay.com,"Nf""emtI/gdf"
3bb4c975-bcc0-3eae-8ba0-fe2954f6589b,Ms.,Joseph,Runolfsdottir,"98 Witting Vista",Poblacion,"San Pablo","Compostela Valley",Togo,958-236-943,"(0918) 858-4498",Towne-Rau,https://gutmann.com/in-architecto-eaque-mollitia-libero.html,"Motor Vehicle Operator",lime,1994-10-30,halvorson.reanna@rice.biz,$qVG%oM%_m
bb5c2bdf-f905-3f63-9210-db01029eb072,Prof.,Green,Witting,"85A/87 Bashirian Wall Suite 064",Poblacion,Makati,Laguna,"United Arab Emirates",910-836-849,"+63 (942) 060-1027","Quigley Ltd",http://www.daniel.com/id-quam-pariatur-dolore-reprehenderit-sint-iste,"Door To Door Sales",maroon,1981-12-25,borer.brandt@oconner.com,.4zMOL
16e37ac3-45a1-3ac6-b427-daf980a124c0,Mrs.,Abdul,Murray,"39/35 Hudson Trail",Poblacion,Bi単an,"Negros Oriental",Liechtenstein,414-101-518,"(0949) 707-5877","Lesch, Parisian and Orn",http://www.cruickshank.com/eos-libero-rerum-itaque-fuga-omnis-quo-iste.html,Statistician,black,1987-01-13,schulist.rudy@streich.info,"_cb1Z.A\NHF'"
9fcb5fc3-6d21-375c-a5ff-7cf3d7183bd1,Mr.,Raven,Rutherford,"40/10 Will Lodge Suite 033",Poblacion,Roxas,Quezon,Bermuda,442-985-474,"(0905) 493-2787","Weber, Bruen and Gerhold",https://www.konopelski.com/rerum-doloremque-tenetur-quia-voluptatem,"Hunter and Trapper",green,1980-11-18,vthompson@hotmail.com,opzC7!:JSSu'N8!q9i:N
9f49b14d-f67a-3a3c-8e02-e95654eac2cd,Ms.,Loyce,Waters,"56/28 Schroeder Forge Suite 063",Poblacion,Pasay,"Lanao del Sur","San Marino",857-711-946,"+63 (926) 070-3962","Denesik Inc",https://mann.com/est-pariatur-necessitatibus-tempore-officiis-doloremque.html,"Vice President Of Marketing",purple,1986-09-20,kaitlin.jacobson@langosh.org,Uz@BzzB9=K
98a5ec68-b128-332a-91d4-1cd9474c8995,Prof.,Floy,Hansen,"65/64 Huels Hill",Poblacion,"Tarlac City",Abra,Lebanon,785-133-327,"+63 (998) 780-9308",Hill-Schuppe,http://www.effertz.net/,"Dredge Operator",gray,1974-06-05,iwilkinson@collins.biz,JdA(2uX4!X8y
5957a904-3ea6-3c70-9988-9891fda70cd2,Mr.,Elmira,Mante,"74A/65 Wisoky Prairie",Poblacion,Tagum,"Northern Samar",Liberia,349-351-146,"+63 (917) 982-5680","Beatty Inc",http://www.yundt.com/voluptate-dolor-rerum-voluptatum-et-a-magni,"Motor Vehicle Operator",silver,2008-12-20,celine71@gmail.com,>bE>f{&
63d17eba-fa65-340f-bc15-84685e14fbff,Prof.,Nona,Lowe,"22/73 Parker Canyon Apt. 116",Poblacion,Mandaue,"Eastern Samar",Burundi,583-526-949,"(0920) 207-5665","Wiza, Hudson and Yost",https://ryan.org/aut-deserunt-quam-est-voluptates.html,"Private Household Cook",silver,1999-06-02,skylar.farrell@hotmail.com,Xv.^XY'y8{V4D
d966dc81-1cd6-3a44-b03e-683e3a241a7a,Mr.,Gabe,Jast,"58A/09 Fritsch Stravenue",Poblacion,"San Fernando",Pampanga,Mauritania,035-719-661,"+63 (817) 901-7298",Littel-Klein,http://www.gaylord.org/,"Residential Advisor",aqua,1970-04-14,jeffery.langosh@homenick.com,/;6eL8
9a115b8c-b611-3ab4-960b-d79944d8e1e1,Prof.,Lenna,Nicolas,"41/38 Strosin Parkway Apt. 745",Poblacion,Himamaylan,"La Union",Guernsey,266-047-719,"+63 (996) 185-2958",Reichert-Mayert,http://mcclure.com/,"Carpet Installer",purple,2009-06-09,pblick@yahoo.com,UQ-v>>$q
f87e1ec5-8eb3-3aa8-b234-eabadf0e80bf,Prof.,Orlo,Kuvalis,"36 Sauer Overpass",Poblacion,Legazpi,Camiguin,Mayotte,308-329-958,"(0935) 723-3040","Jacobson, Morissette and Grant",http://www.grimes.com/autem-explicabo-non-eaque-et-blanditiis,"Woodworking Machine Operator",gray,1996-12-07,victoria.ohara@dickinson.com,:O(DlsM4;jdD
dd2deef5-9c88-30a1-a8a5-eb7bd7c11b81,Prof.,Skyla,Swift,"21A/68 Nikolaus Tunnel",Poblacion,Baybay,"South Cotabato",Uganda,475-959-036,"(0949) 277-1245",Fritsch-Ledner,http://schmitt.org/impedit-quos-ad-hic-fugiat-voluptas-dolorum,"Machine Operator",lime,2019-12-31,haag.jazlyn@stokes.org,Df/qoJpX]Vx?
14a651f7-2fed-3182-b693-3405fb80be4d,Prof.,Jackie,Altenwerth,"77A/03 O'Conner Glens",Poblacion,"Cotabato City",Tawi-Tawi,Austria,215-217-483,"+63 (948) 826-2008","Reynolds, Howe and Lakin",http://www.glover.com/et-omnis-aut-nemo-nobis-inventore-in-sed.html,Pipelayer,maroon,1981-09-22,lakin.tracey@hotmail.com,c&nhC17VP(bd.yCLz
4cd33f39-cc67-307f-9b7a-768e14af9a2d,Prof.,Antoinette,Mayer,"49/89 Gislason Forges Suite 606",Poblacion,Lipa,"Camarines Norte",Albania,714-257-320,"(0900) 199-7972","Johns, Adams and Harvey",http://www.mcdermott.com/labore-ea-ex-laborum,RN,olive,1998-12-04,eboyle@gmail.com,SQi;[/V
5617626d-65c9-3755-b7ed-7ac32d21d478,Dr.,Barton,Bashirian,"76A/97 Torp Mountains",Poblacion,Malaybalay,"Zamboanga Sibugay",Japan,941-851-599,"(0817) 497-5105",Nienow-DuBuque,http://mckenzie.com/commodi-magni-recusandae-ex-libero,"Watch Repairer",black,1977-02-17,alverta.ruecker@greenfelder.com,wk4}T[
5652b7c2-07b3-35a6-87da-61a04b760c53,Prof.,Rachelle,Rohan,"41 Funk Shore",Poblacion,Tabuk,Sorsogon,Bermuda,290-772-128,"(0917) 334-0167",Reichel-Nitzsche,http://emmerich.biz/,"Mold Maker",teal,1980-11-06,daniel.abagail@collins.com,".9V(.D,==DpN"
642847df-e4f6-3554-be20-05795452d5bb,Prof.,Jamil,McLaughlin,"40A Haag Place",Poblacion,Naga,Batanes,"New Caledonia",924-332-435,"(0926) 815-7658",Buckridge-Brekke,http://padberg.com/,"Agricultural Manager",teal,1998-04-09,bria73@yahoo.com,"4""(J)?J^~XYv\"
2985374c-121f-382a-a63c-3e8579adc867,Prof.,Rosetta,Fay,"22 Hyatt Trail",Poblacion,"Trece Martires",Isabela,Malaysia,993-931-393,"(0994) 147-2385","Beatty, Nienow and Kutch",http://www.shields.biz/,"Tank Car",maroon,1978-12-28,grady.schaden@yahoo.com,6[iyz=EhI
f3076933-34f0-3e91-8145-0468e555fe7e,Ms.,Celestine,Abbott,"77 Sanford Curve",Poblacion,Tabaco,Pangasinan,Tonga,980-214-887,"+63 (998) 688-1685",Brekke-Grady,http://brekke.com/rerum-dolor-officia-aperiam-est-sed-eos,Psychiatrist,olive,1989-11-07,hammes.arthur@hotmail.com,":.""1tM#Q_S!E!R8%"
231269dd-82e3-3b15-863d-8e1fefb19718,Dr.,Elmira,Harvey,"26A Spencer Fork Apt. 788",Poblacion,Lipa,Apayao,"Lao People's Democratic Republic",652-145-939,"(0974) 682-2542","Heidenreich Group",http://wilkinson.com/ipsum-praesentium-eaque-ea-molestiae-nihil,"Elementary School Teacher",aqua,2021-12-17,santos56@grimes.com,6mK7l4BkJ
31c8374c-283e-36ac-8d64-a1dfac38839e,Dr.,Tyrel,Hackett,"42A/19 Stark Station",Poblacion,Olongapo,Camiguin,Kuwait,519-463-855,"(0930) 043-1090","Raynor PLC",http://torp.com/voluptatem-ut-accusantium-est-ipsum-id,"Human Resources Specialist",purple,2009-03-30,xerdman@yahoo.com,Dq~N{l`rgD9>sjY]
3b242d2d-0084-3c62-b33c-9fa340d797bb,Prof.,Humberto,Parisian,"25 Mosciski Heights",Poblacion,Bogo,"Davao del Sur",Jamaica,271-968-328,"+63 (911) 678-0960",Conn-Considine,http://wunsch.com/iusto-quaerat-iste-omnis.html,"Production Worker",yellow,2003-02-07,nrath@klocko.com,8=7H31xjQnG-6pa(.Vwi
6b9efea7-b387-396e-8b31-1163cc5e4282,Prof.,Gerda,Boehm,"54 Heller Vista",Poblacion,"San Pedro",Cavite,Chile,387-977-413,"(0908) 069-5843","Goyette Ltd",http://www.harris.com/dolor-est-ut-harum-aut,"Urban Planner",gray,2004-10-05,mstreich@anderson.com,"\L*(K=\NEljl:"
c7a70290-092e-305e-a079-9242d006226b,Prof.,Brian,Jones,"16 Gleason Track",Poblacion,Navotas,Sorsogon,Brazil,260-379-329,"+63 (973) 134-7001","Auer, Emard and Lebsack",http://www.hauck.com/accusantium-sunt-qui-quam-consequatur.html,"Septic Tank Servicer",olive,2024-02-09,john.mccullough@hotmail.com,R?b-4LWWT=yy>{Lz[
24275a9f-ee4a-3485-a19c-4a852563de58,Prof.,Carissa,Cummings,"54A Cartwright Drive",Poblacion,Silay,Tarlac,Egypt,765-462-022,"(0907) 784-8049","Bernier PLC",http://www.abshire.com/,Platemaker,white,2016-12-30,arnold88@heller.com,)ovB*fg]
d0378209-6ca9-3724-a52b-840163df0d85,Dr.,Cecilia,Daniel,"07A/41 Howe Shoal Suite 491",Poblacion,Samal,"Negros Oriental",Greenland,720-673-208,"+63 (928) 235-6072","Von, Considine and Huel",http://howe.org/vel-accusamus-molestiae-provident-est-voluptas-culpa.html,"Artillery Crew Member",purple,2021-01-11,hammes.hellen@powlowski.biz,C$xYhly]'zfm^ovP0
7c8bbb19-3ebd-3e76-9494-22a77330b8f4,Dr.,Khalil,Leuschke,"77/65 Ernser Views",Poblacion,Manila,Cagayan,"Russian Federation",349-743-207,"(0997) 802-4602",Beier-O'Connell,http://www.kertzmann.com/qui-magnam-error-explicabo-ab-iste-saepe,Pediatricians,teal,1998-02-12,renner.billy@gmail.com,"3%D_1+caA:#,qLlRfP,"
829ffe0d-fbd8-3a68-b928-aa0f8c474472,Dr.,Gilbert,White,"91A/18 Herman Trail",Poblacion,Borongan,Cavite,"Cayman Islands",793-468-887,"(0928) 568-0917","Walsh, Jacobi and Hodkiewicz",https://padberg.net/molestias-similique-similique-rerum-in.html,"Industrial Production Manager",lime,1986-10-04,magnus.goyette@strosin.info,"fd.J.HF,%>GVVhz"
e10fb6b5-468d-3aaa-96a4-18a94a8f1977,Dr.,Wilfrid,Wehner,"93 Nitzsche Pines Apt. 102",Poblacion,"La Carlota","Surigao del Norte",China,063-890-131,"+63 (932) 876-9877",Wyman-Ortiz,http://stracke.com/,"Transportation Inspector",aqua,2014-04-23,rbuckridge@yahoo.com,Q?#.EzMQsb0MIhTT!Q}o
8fdc64a5-cade-38f4-8a90-ad54b7f884ad,Dr.,Alyce,Padberg,"94/25 Schoen Shoal",Poblacion,Silay,"Misamis Occidental",Bhutan,601-621-834,"(0931) 339-2288","Goodwin, Kirlin and Kassulke",http://www.miller.com/aut-ex-perferendis-ipsam-inventore-praesentium-voluptas-hic,Electrotyper,white,1995-01-02,shad.mclaughlin@hotmail.com,U0#(bE-yWTD2
49aa8dd9-0bf6-3898-bc15-bfcc2459723c,Prof.,Lucas,Borer,"25A/74 Okuneva Cape",Poblacion,Bi単an,"Dinagat Islands",Ecuador,148-236-453,"+63 (912) 464-6808","Bradtke, Wehner and Rempel",http://quitzon.biz/ut-voluptate-amet-quis-et-atque.html,"Timing Device Assemblers",yellow,2017-12-26,adam.kulas@reichert.org,};eUf5T{
befb6361-ae9f-3dbf-bf27-f59c1e0f1d5c,Prof.,Jordi,Collins,"47A Bode Fields",Poblacion,Carcar,Pampanga,Burundi,633-550-599,"+63 (934) 091-4955","Turcotte Inc",http://homenick.org/,"Network Systems Analyst",green,2013-07-14,oadams@fritsch.com,"@9mY!,Oz"
180970db-66bd-39d6-a167-0a907bbd468b,Miss,Queen,Weimann,"31/63 Willms Lights",Poblacion,Bacolod,Palawan,Vanuatu,881-707-858,"(0928) 931-8605","Bruen Group",http://douglas.net/,"Plumber OR Pipefitter OR Steamfitter",black,1983-07-19,vdeckow@bailey.org,56Iz~LB!)Mz3`p
eb215017-fd55-3cc3-98b5-280a38b1ad4b,Dr.,Cory,Klocko,"95/23 Heidenreich Pine Apt. 263",Poblacion,Victorias,"Eastern Samar",Venezuela,366-830-468,"(0935) 784-0117",Cole-Gerlach,http://upton.com/,"Streetcar Operator",teal,2006-06-20,zechariah.leannon@hill.com,W]ES9tj$9oq
b43f8d89-5dcc-3328-9eca-9e575cba3b83,Prof.,Brisa,Witting,"71/33 Mills Inlet Apt. 892",Poblacion,Dipolog,Abra,"Libyan Arab Jamahiriya",980-069-079,"(0910) 268-0191",Donnelly-Labadie,http://www.fritsch.net/,"Talent Director",fuchsia,2021-06-21,andy.schultz@hotmail.com,!`I!+H.]}?ntvPfT|-
d4a9352e-baf5-3ecc-a7a4-d3169d9efafe,Prof.,Jazmyn,Barton,"44A Parker Parks",Poblacion,Vigan,"Negros Oriental","United States Minor Outlying Islands",241-068-445,"+63 (937) 006-2342",Gerlach-Langworth,http://www.runolfsdottir.org/adipisci-dolorem-reprehenderit-et-harum-dolorem-est.html,"Office Machine Operator",black,1999-10-13,zkuphal@marquardt.com,":,cJ:-B""xa/o@m"
04cf02cc-47a2-386d-9738-977e5bf2fc8c,Dr.,Micaela,Runolfsdottir,"95/80 Mayert Crest",Poblacion,Manila,Aurora,"Costa Rica",092-387-564,"(0944) 774-2525","Rice PLC",http://schneider.info/,Librarian,maroon,2003-11-16,otilia.paucek@erdman.com,6sr3}}?2WWW$
c274acf9-6e8f-33c8-960a-4997a0b11a70,Mr.,Kobe,Wiza,"97A/69 Jast Field",Poblacion,"Cotabato City","Lanao del Sur",Kiribati,827-483-804,"(0946) 475-1902",Beatty-Wehner,http://www.gottlieb.com/corporis-consequatur-explicabo-rem-dolorem-aut-illum.html,"Electronics Engineering Technician",gray,1985-05-22,roderick31@roob.com,g4wY3i!br490#
c8c16e7d-7d3e-3966-8b2a-d0610a3eb051,Prof.,Heather,Quitzon,"69/14 Shanahan Walk Suite 384",Poblacion,Bislig,Bohol,"Wallis and Futuna",856-388-569,"+63 (943) 705-1448","Corkery, Kassulke and Wolff",http://runolfsdottir.com/nobis-vel-dolores-et-ut-perspiciatis-rerum,"Healthcare Practitioner",silver,2004-11-21,miller.rebecca@gleichner.com,"*v_""x3v?P1""7oWu"
0460d622-ade5-3d3b-897e-b1f7431c3894,Dr.,Carter,Gleason,"31A Lindgren Pass Apt. 575",Poblacion,Muntinlupa,Bukidnon,Nauru,593-560-468,"+63 (999) 500-8267","Price PLC",http://www.dickinson.com/est-voluptas-impedit-illum-sed-quia-aliquam-dolore,"Boat Builder and Shipwright",teal,2020-09-02,ernest76@hettinger.com,P#hQUo`}+Q)g2%<
acce2a07-b8db-37f0-8a25-867a411362dd,Mrs.,Isaias,Jenkins,"67 Schimmel Route",Poblacion,Taguig,Kalinga,"Cook Islands",402-243-904,"+63 (910) 334-0138","Gleichner, Konopelski and Hartmann",http://www.borer.com/,"Physical Scientist",white,1999-09-23,gussie.lindgren@orn.com,:M6Kk~P{WOc<D%
399ce1f2-df76-36c0-874a-9c76ee29ea2f,Dr.,Nico,Mraz,"62A/40 Towne Glens Suite 955",Poblacion,Tangub,Cagayan,Micronesia,914-977-785,"+63 (932) 597-0411","Hartmann, Bednar and Goldner",http://www.eichmann.info/quo-nesciunt-eos-consequatur-veritatis-sit,"Technical Writer",navy,2008-01-20,cgreen@hotmail.com,$ytl.'zVt&s
9b6dda6d-6137-31f9-a35f-e9abf0a01bd0,Dr.,Abdiel,Lubowitz,"90/92 Jacobi Trail Suite 049",Poblacion,Dagupan,Capiz,"San Marino",861-201-545,"(0994) 221-6030","Herman, Kuhic and Connelly",http://www.bechtelar.info/incidunt-et-nostrum-sed-dolorem-autem-rerum,"Woodworking Machine Operator",teal,1988-04-24,tillman.corwin@blick.net,"m\UBQt'5ves~<*bQY"
70e2bf9c-270b-39c2-ba81-da2227849313,Dr.,Amir,Kuphal,"58A Klein Springs Apt. 729",Poblacion,Bi単an,Apayao,"Sri Lanka",705-201-434,"+63 (975) 357-0498","Cremin, Nolan and Mann",http://cremin.info/nihil-non-praesentium-dolorum-rerum-officiis,"Boat Builder and Shipwright",teal,2016-04-09,aubrey.stamm@yahoo.com,"DZ1DI#XWv""wO'5#t#2m"
1e76f3e4-b19a-3c25-b419-258be364cffe,Prof.,Norbert,Bergnaum,"87/10 Cremin Common Suite 443",Poblacion,Lipa,Abra,Mexico,363-639-190,"+63 (926) 308-3505","Waters, Walsh and Bogisich",http://boehm.com/natus-qui-quo-qui-voluptatem-omnis-iusto-ex,"Pharmacy Aide",olive,1982-05-31,strosin.astrid@ritchie.com,lfJ9aX
6575fdfb-4bc4-3df1-9d66-099c2fa8e1ae,Dr.,Eldridge,Prosacco,"57/26 Fritsch Branch",Poblacion,Borongan,Palawan,"New Caledonia",851-004-023,"+63 (817) 661-9185","Ankunding and Sons",http://www.botsford.net/,"Supervisor Fire Fighting Worker",black,1976-06-19,dayna.durgan@schaden.com,"G#?}v,kKP0\Bs?Cg"""
af23b05a-7eb4-3db3-a8f0-58e49e70009b,Dr.,Gunner,Blick,"83A Ryan Route",Poblacion,Calamba,Masbate,"Cayman Islands",385-169-234,"(0937) 347-1957","Glover LLC",http://howe.com/ea-ipsam-et-nihil-omnis,"Precision Printing Worker",olive,1977-07-28,madonna.kozey@hotmail.com,`-zTE/`^[T?W+Y*d
